specimen_number,photo,leaf,site,morphotype,order,family,genus,species,Measurer.comments,margin,petiole_width,petiole_area,blade_area,blade_perimeter,feret,minimum_feret,raw_blade_area,raw_blade_perimeter,internal_raw_blade_area,internal_raw_blade_perimeter,length_of_cut_perimeter,no_of_primary_teeth,no_of_subsidiary_teeth,lma_g_m2,latitude_N,longitude_E,MAT_C,MAP_mm,diurnal.range_C,isothermality,temp.seasonality,max.temp.warmest.month_C,min.temp.coldest.month_C,MART_C,MART.quarter_C,temp.wet.quarter_C,temp.dry.quarter_C,temp.warm.quarter_C,temp.cold.quarter_C,precip.wet.month_mm,precip.dry.month_mm,precip.seasonality_mm,precip.wet.quarter_mm,precip.dry.quarter_mm,precip.season.month_mm,precip.season.quarter_mm,precip.warm.quarter_mm,precip.cold.quarter_mm
34,,,"Australia, Darwin: Vine_petiole_width_only",?Pachygone ovata,Rununculales,Menispermaceae,Pachygone,ovata,,,0.25,,50.4496,,,,,,,,,,,68.42472487,-12.41041667,130.8200833,27.69166667,1657.6,,,,,,,,,,,,,,,,,,,,
94,,,"South Africa, Zululand: Savanna_petiole_width_only",Acacia nigrescens,Fabales,Fabaceae,Acacia,nigrescens,,,0.09,,2.1304,,,,,,,,,,,103.2669921,-28.22128333,31.79411667,21.475,885.2,,,,,,,,,,,,,,,,,,,,
27,,,"Australia, Daintree_petiole_width_only",Acmena graveolens,Myrtales,Myrtaceae,Acmena,graveolens,,,0.32,,61.2345,,,,,,,,,,,138.7453151,-16.10325,145.4461667,25.55,1918.1,,,,,,,,,,,,,,,,,,,,
80,,,"Peru, Los Amigos, Successional vegetation on floodplain_petiole_width_only",Alchornea castanaefolium,Malpighiales,Euphorbiaceae,Alchornea,castanaefolium,,,0.22,,24.2992,,,,,,,,,,,82.30723645,-12.56735,-70.10526667,24.88333333,3432.6,,,,,,,,,,,,,,,,,,,,
51,,,"Australia, Toowomba_petiole_width_only",Alphitonia excelsa,Rosales,Rhamnaceae,Alphitonia,excelsa,,,0.15,,14.9071,,,,,,,,,,,125.4435806,-28.08541667,151.72905,17.38333333,701.3,,,,,,,,,,,,,,,,,,,,
45,,,"Australia, Tasmania: Nothofagus forest_petiole_width_only",Anopterus glandulosus,Escalloniales,Escalloniaceae,Anopterus,glandulosus,,,0.27,,23.2142,,,,,,,,,,,80.769529,-42.67931667,146.6689833,10.65833333,759.3,,,,,,,,,,,,,,,,,,,,
23,,,"Australia, Brisbane_petiole_width_only",Argyrodendron actinophyllum,Malvales,Malvaceae,Argyrodendron,actinophyllum,,,0.1888,,37.07723077,,,,,,,,,,,71.61753844,-28.21913333,153.1272,17.21666667,1585.7,,,,,,,,,,,,,,,,,,,,
24,,,"Australia, Brisbane_petiole_width_only",Argyrodendron trifoliatum,Malvales,Malvaceae,Argyrodendron,trifoliatum,,,0.1528,,20.56777778,,,,,,,,,,,90.75652315,-28.21913333,153.1272,17.21666667,1585.7,,,,,,,,,,,,,,,,,,,,
46,,,"Australia, Tasmania: Nothofagus forest_petiole_width_only",Atherosperma moschatum,Laurales,Atherospermataceae,Atherosperma,moschatum,,,0.19,,15.1517,,,,,,,,,,,80.98101203,-42.67931667,146.6689833,10.65833333,759.3,,,,,,,,,,,,,,,,,,,,
10,,,"Australia, Adelaide: Chenopod_petiole_width_only",Atriplex stipitata,Caryophyllales,Amaranthaceae,Atriplex,stipitata,,,0.08,,0.4761,,,,,,,,,,,130.2247427,-34.34738333,139.5173667,16.76666667,243.1,,,,,,,,,,,,,,,,,,,,
25,,,"Australia, Brisbane_petiole_width_only",Baloghia inophylla,Malpighiales,Euphorbiaceae,Baloghia,inophylla,,,0.31,,65.769625,,,,,,,,,,,126.2170797,-28.21913333,153.1272,17.21666667,1585.7,,,,,,,,,,,,,,,,,,,,
41,,,"Australia, Perth: Shrubland_petiole_width_only",Banksia attenuata,Proteales,Proteaceae,Banksia,attenuata,,,0.13,,4.8963,,,,,,,,,,,255.4990503,-31.68866667,115.8855167,18.26666667,773.9,,,,,,,,,,,,,,,,,,,,
58,,,"Congo, Kabo: Bai_petiole_width_only",Berlinia grandifolia,Fabales,Fabaceae,Berlinia,grandifolia,,,0.36,,216.8,,,,,,,,,,,82.81616907,2.159533333,16.15345,21.58333333,1671.9,,,,,,,,,,,,,,,,,,,,
73,,,"Mexico, Chamela_petiole_width_only",Caesalpinia eriostachys,Fabales,Fabaceae,Caesalpinia,eriostachys,,,0.02,,0.6686,,,,,,,,,,,37.09243195,19.49991667,-105.043,25.48333333,1365.9,,,,,,,,,,,,,,,,,,,,
35,,,"Australia, Darwin: Vine_petiole_width_only",Capparis sp.,Brassicales,Capparaceae,Capparis,,,,0.15,,22.29492857,,,,,,,,,,,68.92598893,-12.41041667,130.8200833,27.69166667,1657.6,,,,,,,,,,,,,,,,,,,,
28,,,"Australia, Daintree_petiole_width_only",Cardwellia sublimis,Proteales,Proteaceae,Cardwellia,sublimis,,,0.2,,41.20453333,,,,,,,,,,,130.4294766,-16.10325,145.4461667,25.55,1918.1,,,,,,,,,,,,,,,,,,,,
76,,,"Mexico, Linares: Oak woodland_petiole_width_only",Casimiroa greggii,Sapindales,Rutaceae,Casimiroa,greggii,,,0.14,,26.4573,,,,,,,,,,,126.9970859,24.7489,-99.79931667,22.23333333,795.3,,,,,,,,,,,,,,,,,,,,
88,,,South Africa Zululand: Dry forest_petiole_width_only,Cassine papillosa,Celastrales,Celastraceae,Cassine,papillosa,,,0.21,,33.2715,,,,,,,,,,,124.1302616,-28.07206667,32.03855,21.06666667,943,,,,,,,,,,,,,,,,,,,,
3,,,"Argentina, Puerto Madryn: Steppe_petiole_width_only",Chuquiraga avellanedae,Asterales,Asteraceae,Chuquiraga,avellanedae,,,0.21,,0.671,,,,,,,,,,,438.3010432,-42.7903,-64.09165,13.65833333,201.1,,,,,,,,,,,,,,,,,,,,
66,,,"Israel, Adulam_petiole_width_only",Cistus salvifolius,Malvales,Cistaceae,Cistus,salvifolius,,,0.1222,,1.8499,,,,,,,,,,,145.2402833,32.55501667,34.93756667,19.125,655.8,,,,,,,,,,,,,,,,,,,,
70,,,"Israel, Hanadiv_petiole_width_only",Cistus salvifolius,Malvales,Cistaceae,Cistus,salvifolius,,,0.09,,1.125888889,,,,,,,,,,,129.3555709,31.6423,34.93455,19.425,407,,,,,,,,,,,,,,,,,,,,
52,,,"Australia, Toowomba_petiole_width_only",Corymbia maculata,Myrtales,Myrtaceae,Corymbia,maculata,,,0.18,,27.09225,,,,,,,,,,,136.9856693,-28.08541667,151.72905,17.38333333,701.3,,,,,,,,,,,,,,,,,,,,
17,,,"Australia, Alice Springs_petiole_width_only",Corymbia opaca,Myrtales,Myrtaceae,Corymbia,opaca,,,0.13,,7.764416667,,,,,,,,,,,260.1612055,-23.72461667,133.8628333,20.24166667,324.2,,,,,,,,,,,,,,,,,,,,
36,,,"Australia, Darwin: Vine_petiole_width_only",Cupaniopsis anacardioides,Sapindales,Sapindaceae,Cupaniopsis,anacardioides,,,0.17,,41.39833333,,,,,,,,,,,82.3704658,-12.41041667,130.8200833,27.69166667,1657.6,,,,,,,,,,,,,,,,,,,,
62,,,"Congo, Kabo: Mixed tropical rainforest_petiole_width_only",Dialium pachyphyllum,Fabales,Fabaceae,Dialium,pachyphyllum,,,0.19,,63.8276,,,,,,,,,,,46.38316834,2.1261,16.17776667,21.58333333,1671.9,,,,,,,,,,,,,,,,,,,,
59,,,"Congo, Kabo: Gilbertiodendron-dominated tropical rainforest_petiole_width_only",Diospyros abyssinica,Ericales,Ebenaceae,Diospyros,abyssinica,,,0.11,,21.7271,,,,,,,,,,,65.03599092,2.1359,16.18756667,21.58333333,1671.9,,,,,,,,,,,,,,,,,,,,
60,,,"Congo, Kabo: Gilbertiodendron-dominated tropical rainforest_petiole_width_only",Diospyros sp.,Ericales,Ebenaceae,Diospyros,,,,0.18,,48.8774,,,,,,,,,,,85.64380494,2.1359,16.18756667,21.58333333,1671.9,,,,,,,,,,,,,,,,,,,,
78,,,"Mexico, Linares: Thornscrub_petiole_width_only",Diospyros texana,Ericales,Ebenaceae,Diospyros,texana,,,0.08,,2.3494,,,,,,,,,,,72.35890014,24.78565,-99.51505,22.23333333,795.3,,,,,,,,,,,,,,,,,,,,
26,,,"Australia, Brisbane_petiole_width_only",Doryphora sassafrass,Laurales,Atherospermataceae,Doryphora,sassafrass,,,0.19,,18.4332,,,,,,,,,,,89.29540178,-28.21913333,153.1272,17.21666667,1585.7,,,,,,,,,,,,,,,,,,,,
29,,,"Australia, Daintree_petiole_width_only",Dysoxylum papuanum,Sapindales,Meliaceae,Dysoxylum,papuanum,,,0.15,,32.5075,,,,,,,,,,,75.98246558,-16.10325,145.4461667,25.55,1918.1,,,,,,,,,,,,,,,,,,,,
89,,,South Africa Zululand: Dry forest_petiole_width_only,Englerophytum natalens,Ericales,Sapotaceae,Englerophytum,natalens,,,0.12,,20.4192,,,,,,,,,,,69.54239147,-28.07206667,32.03855,21.06666667,943,,,,,,,,,,,,,,,,,,,,
18,,,"Australia, Alice Springs_petiole_width_only",Eucalyptus gammophylla,Myrtales,Myrtaceae,Eucalyptus,gammophylla,,,0.23,,44.01825,,,,,,,,,,,232.8011677,-23.72461667,133.8628333,20.24166667,324.2,,,,,,,,,,,,,,,,,,,,
19,,,"Australia, Alice Springs_petiole_width_only",Eucalyptus gillenii,Myrtales,Myrtaceae,Eucalyptus,gillenii,,,0.26,,26.30642857,,,,,,,,,,,277.0371175,-23.72461667,133.8628333,20.24166667,324.2,,,,,,,,,,,,,,,,,,,,
12,,,"Australia, Adelaide: Mallee_petiole_width_only",Eucalyptus incrassata,Myrtales,Myrtaceae,Eucalyptus,incrassata,,,0.24,,14.3039,,,,,,,,,,,361.9991751,-35.23505,139.1322333,14.04166667,363.2,,,,,,,,,,,,,,,,,,,,
42,,,"Australia, Perth: Woodland_petiole_width_only",Eucalyptus marginata,Myrtales,Myrtaceae,Eucalyptus,marginata,,,0.1911,,24.6295,,,,,,,,,,,113.23819,-32.02021667,116.0435667,17.16666667,1079.9,,,,,,,,,,,,,,,,,,,,
31,,,"Australia, Darwin: Savanna_petiole_width_only",Eucalyptus miniata,Myrtales,Myrtaceae,Eucalyptus,miniata,,,0.27,,71.5165,,,,,,,,,,,172.1281103,-12.45230556,131.1080278,27.60833333,1562.1,,,,,,,,,,,,,,,,,,,,
48,,,"Australia, Tasmania: Woodland_petiole_width_only",Eucalyptus oblongifolia,Myrtales,Myrtaceae,Eucalyptus,oblongifolia,,,0.29,,40.948,,,,,,,,,,,131.660887,-42.90863333,155.6333333,11.64166667,959.4,,,,,,,,,,,,,,,,,,,,
54,,,"Australia, Townsville: Savanna_petiole_width_only",Eucalyptus platyphylla,Myrtales,Myrtaceae,Eucalyptus,platyphylla,,,0.2577,,45.1098,,,,,,,,,,,139.4597183,-19.33671667,146.75485,23.075,967.7,,,,,,,,,,,,,,,,,,,,
11,,,"Australia, Adelaide: Chenopod_petiole_width_only",Eucalyptus sp.,Myrtales,Myrtaceae,Eucalyptus,,,,0.14,,8.0616,,,,,,,,,,,259.8739704,-34.34738333,139.5173667,16.76666667,243.1,,,,,,,,,,,,,,,,,,,,
16,,,"Australia, Adelaide: Sclerophyll_petiole_width_only",Eucalyptus sp.,Myrtales,Myrtaceae,Eucalyptus,,,,0.33,,23.3633,,,,,,,,,,,315.1523971,-34.31963333,139.5025833,16.76666667,243.1,,,,,,,,,,,,,,,,,,,,
20,,,"Australia, Armidale_petiole_width_only",Eucalyptus sp.,Myrtales,Myrtaceae,Eucalyptus,,,,0.2,,23.8061,,,,,,,,,,,190.8474425,-29.81518333,151.1209667,15.49166667,778.6,,,,,,,,,,,,,,,,,,,,
38,,,"Australia, Melbourne: Grassland_petiole_width_only",Eucalyptus sp.,Myrtales,Myrtaceae,Eucalyptus,,,,0.24,,33.4505,,,,,,,,,,,214.3166769,-38.00965,145.6197167,14.04166667,989.4,,,,,,,,,,,,,,,,,,,,
39,,,"Australia, Melbourne: Woodland_petiole_width_only",Eucalyptus sp. #1,Myrtales,Myrtaceae,Eucalyptus,,,,0.1788,,28.9821,,,,,,,,,,,130.8048761,-38.42978333,144.92245,14.41666667,876.7,,,,,,,,,,,,,,,,,,,,
40,,,"Australia, Melbourne: Woodland_petiole_width_only",Eucalyptus sp. #2,Myrtales,Myrtaceae,Eucalyptus,,,,0.21,,38.8057,,,,,,,,,,,164.9757639,-38.42978333,144.92245,14.41666667,876.7,,,,,,,,,,,,,,,,,,,,
93,,,"South Africa, Stellenbosch: Karoo_petiole_width_only",Euclea undulata,Ericales,Ebenaceae,Euclea,undulata,,,0.1,,1.9326,,,,,,,,,,,255.3554797,-33.60948333,19.45733333,15.75,807.2,,,,,,,,,,,,,,,,,,,,
7,,,"Argentina, Tucuman: Yungas S_petiole_width_only",Eugenia uniflora,Myrtales,Myrtaceae,Eugenia,uniflora,,,0.08125,,5.314333333,,,,,,,,,,,36.06598507,-26.7633,-65.33286667,11.75,397.9,,,,,,,,,,,,,,,,,,,,
63,,,"Congo, Kabo: Mixed tropical rainforest_petiole_width_only",Greenwayodendron suaveolens,Magnoliales,Annonaceae,Greenwayodendron,suaveolens,,,0.1471,,34.118,,,,,,,,,,,34.24070283,2.1261,16.17776667,21.58333333,1671.9,,,,,,,,,,,,,,,,,,,,
43,,,"Australia, Sydney: Sclerophyll Shrubland _petiole_width_only",Grevillea speciosa,Proteales,Proteaceae,Grevillea,speciosa,,,0.11,,0.618947368,,,,,,,,,,,171.9047619,-33.59491667,151.2762778,17.25,1354.9,,,,,,,,,,,,,,,,,,,,
74,,,"Mexico, Chamela_petiole_width_only",Guapira macrocarpa,Caryophyllales,Nyctaginaceae,Guapira,macrocarpa,,,0.1466,,36.2674,,,,,,,,,,,42.32451182,19.49991667,-105.043,25.48333333,1365.9,,,,,,,,,,,,,,,,,,,,
77,,,"Mexico, Linares: Oak woodland_petiole_width_only",Helietta parvifolia,Sapindales,Rutaceae,Helietta,parvifolia,,,0.1475,,4.239,,,,,,,,,,,108.5161595,24.7489,-99.79931667,22.23333333,795.3,,,,,,,,,,,,,,,,,,,,
81,,,"Peru, Los Amigos: Tropical rainforest_petiole_width_only",Hevea guianensis,Malpighiales,Euphorbiaceae,Hevea,guianensis,,,0.16,,50.886,,,,,,,,,,,27.51247887,-12.55215,-70.1112,24.88333333,3432.6,,,,,,,,,,,,,,,,,,,,
2,,,"Argentina, Puerto Madryn: Dune_petiole_width_only",Hyalis argentea,Asterales,Asteraceae,Hyalis,argentea,,,0.205,,1.7585,,,,,,,,,,,103.5541655,-42.76881667,-64.10093333,13.65833333,201.1,,,,,,,,,,,,,,,,,,,,
55,,,"Australia, Townsville: Vine_petiole_width_only",Jasminum didymum,Lamiales,Oleaceae,Jasminum,didymum,,,0.08,,5.403090909,,,,,,,,,,,73.52693744,-19.33205,146.7726,23.075,967.7,,,,,,,,,,,,,,,,,,,,
13,,,"Australia, Adelaide: Mallee_petiole_width_only",Leptospermum continentale,Myrtales,Myrtaceae,Leptospermum,continentale,,,0.09,,0.3435,,,,,,,,,,,244.5414847,-35.23505,139.1322333,14.04166667,363.2,,,,,,,,,,,,,,,,,,,,
92,,,"South Africa, Stellenbosch: Fynbos_petiole_width_only",Leucadendron sp.,Proteales,Proteaceae,Leucadendron,,,,0.16,,1.4863,,,,,,,,,,,208.5043396,-33.99246667,18.97498333,14.60833333,1005.7,,,,,,,,,,,,,,,,,,,,
21,,,"Australia, Armidale_petiole_width_only",Leucopogon sp. #1,Ericales,Ericaceae,Leucopogon,,,,0.05,,0.374,,,,,,,,,,,101.6042781,-29.81518333,151.1209667,15.49166667,778.6,,,,,,,,,,,,,,,,,,,,
22,,,"Australia, Armidale_petiole_width_only",Leucopogon sp. #2,Ericales,Ericaceae,Leucopogon,,,,0.07,,0.2336,,,,,,,,,,,132.7054795,-29.81518333,151.1209667,15.49166667,778.6,,,,,,,,,,,,,,,,,,,,
90,,,South Africa Zululand: Dry forest_petiole_width_only,Maytenus peduncularis,Celastrales,Celastraceae,Maytenus,peduncularis,,,0.102,,10.4765,,,,,,,,,,,74.45234573,-28.07206667,32.03855,21.06666667,943,,,,,,,,,,,,,,,,,,,,
14,,,"Australia, Adelaide: Mallee_petiole_width_only",Melaleuca uncinata,Myrtales,Myrtaceae,Melaleuca,uncinata,,,0.08,,0.3244,,,,,,,,,,,372.9963009,-35.23505,139.1322333,14.04166667,363.2,,,,,,,,,,,,,,,,,,,,
91,,,South Africa Zululand: Dry forest_petiole_width_only,Monanthotaxis ?caffra,Magnoliales,Annonaceae,Monanthotaxis,caffra,,,0.14,,14.8866,,,,,,,,,,,46.35040909,-28.07206667,32.03855,21.06666667,943,,,,,,,,,,,,,,,,,,,,
47,,,"Australia, Tasmania: Nothofagus forest_petiole_width_only",Nothofagus cunninghamii,Fagales,Nothofagaceae,Nothofagus,cunninghamii,,,0.07,,0.7754,,,,,,,,,,,88.98632964,-42.67931667,146.6689833,10.65833333,759.3,,,,,,,,,,,,,,,,,,,,
1,,,"Argentina, Bariloche_petiole_width_only",Nothofagus dombeyi,Fagales,Nothofagaceae,Nothofagus,dombeyi,,,0.0644,,2.0585,,,,,,,,,,,91.86300704,-41.24201667,-71.42526667,5.633333333,1007.9,,,,,,,,,,,,,,,,,,,,
53,,,"Australia, Toowomba_petiole_width_only",Olearia elliptica,Asterales,Asteraceae,Olearia,elliptica,,,0.14,,6.9068,,,,,,,,,,,93.67579776,-28.08541667,151.72905,17.38333333,701.3,,,,,,,,,,,,,,,,,,,,
4,,,"Argentina, Tucuman: Yungas N_petiole_width_only",Patagonula americana,Boraginales,Cordiaceae,Patagonula,americana,,,0.09,,6.4459,,,,,,,,,,,46.54121224,-23.74698333,-64.85421667,13.81666667,520.3,,,,,,,,,,,,,,,,,,,,
44,,,"Australia, Sydney: Sclerophyll Shrubland _petiole_width_only",Persoonia lanceolata,Proteales,Proteaceae,Persoonia,lanceolata,,,0.15,,5.4429,,,,,,,,,,,232.9640449,-33.59491667,151.2762778,17.25,1354.9,,,,,,,,,,,,,,,,,,,,
67,,,"Israel, Adulam_petiole_width_only",Phillyrea latifolia,Lamiales,Oleaceae,Phillyrea,latifolia,,,0.1,,2.7646,,,,,,,,,,,167.5432251,31.6423,34.93455,19.425,407,,,,,,,,,,,,,,,,,,,,
71,,,"Israel, Hanadiv_petiole_width_only",Phillyrea latifolia,Lamiales,Oleaceae,Phillyrea,latifolia,,,0.09,,2.0301,,,,,,,,,,,162.031427,32.55501667,34.93756667,19.125,655.8,,,,,,,,,,,,,,,,,,,,
75,,,"Mexico, Chamela_petiole_width_only",Phyllanthus mocinianus,Malpighiales,Phyllanthaceae,Phyllanthus,mocinianus,,,0.0322,,7.2751,,,,,,,,,,,26.18520708,19.49991667,-105.043,25.48333333,1365.9,,,,,,,,,,,,,,,,,,,,
5,,,"Argentina, Tucuman: Yungas N_petiole_width_only",Phyllostylon rhamnoides,Rosales,Ulmaceae,Phyllostylon,rhamnoides,,,0.0677,,7.5527,,,,,,,,,,,35.74880506,-23.74698333,-64.85421667,13.81666667,520.3,,,,,,,,,,,,,,,,,,,,
8,,,"Argentina, Tucuman: Yungas S_petiole_width_only",Piper tucumanensis,Piperales,Piperaceae,Piper,tucumanensis,,,0.19,,67.6686,,,,,,,,,,,37.83143142,-26.7633,-65.33286667,11.75,397.9,,,,,,,,,,,,,,,,,,,,
68,,,"Israel, Adulam_petiole_width_only",Pistacia lentiscus,Sapindales,Anacardiaceae,Pistacia,lentiscus,,,0.1,,1.701,,,,,,,,,,,192.9100529,31.6423,34.93455,19.425,407,,,,,,,,,,,,,,,,,,,,
64,,,"Congo, Kabo: Mixed tropical rainforest_petiole_width_only",Pleiocarpa bicarpellata,Gentianales,Apocynaceae,Pleiocarpa,bicarpellata,,,0.19,,51.9783,,,,,,,,,,,56.11316004,2.1261,16.17776667,21.58333333,1671.9,,,,,,,,,,,,,,,,,,,,
37,,,"Australia, Darwin: Vine_petiole_width_only",Polyalthia australis (nitidissima?),Magnoliales,Annonaceae,Polyalthia,australis,,,0.25,,88.2361,,,,,,,,,,,54.342837,-12.41041667,130.8200833,27.69166667,1657.6,,,,,,,,,,,,,,,,,,,,
82,,,"Peru, Los Amigos: Tropical rainforest_petiole_width_only",Pourouma minor,Rosales,Urticaceae,Pourouma,minor,,,0.19,,53.1393,,,,,,,,,,,43.28246703,-12.55215,-70.1112,24.88333333,3432.6,,,,,,,,,,,,,,,,,,,,
56,,,"Australia, Townsville: Vine_petiole_width_only",Pouteria sericea,Ericales,Sapotaceae,Pouteria,sericea,,,0.12,,11.5781,,,,,,,,,,,94.92058282,-19.33205,146.7726,23.075,967.7,,,,,,,,,,,,,,,,,,,,
83,,,"Peru, Los Amigos: Tropical rainforest_petiole_width_only",Pouteria sp.,Ericales,Sapotaceae,Pouteria,,,,0.15,,54.9993,,,,,,,,,,,74.54640332,-12.55215,-70.1112,24.88333333,3432.6,,,,,,,,,,,,,,,,,,,,
84,,,"Peru, Los Amigos: Tropical rainforest_petiole_width_only",Protium sp.,Sapindales,Burseraceae,Protium,,,,0.25,,150.686875,,,,,,,,,,,48.11301582,-12.55215,-70.1112,24.88333333,3432.6,,,,,,,,,,,,,,,,,,,,
85,,,"Peru, Los Amigos: Tropical rainforest on floodplain_petiole_width_only",Pseudolmedia laevis,Rosales,Moraceae,Pseudolmedia,laevis,,,0.2,,67.289125,,,,,,,,,,,55.72965914,-12.5717,-70.09258333,24.88333333,3432.6,,,,,,,,,,,,,,,,,,,,
9,,,"Argentina, Tucuman: Yungas S_petiole_width_only",Psychotria carthagenesis,Gentianales,Rubiaceae,Psychotria,carthagenesis,,,0.23,,37.7723,,,,,,,,,,,41.8295947,-26.7633,-65.33286667,11.75,397.9,,,,,,,,,,,,,,,,,,,,
49,,,"Australia, Tasmania: Woodland_petiole_width_only",Pultenaea juniperina,Fabales,Fabaceae,Pultenaea,juniperina,,,0.06,,0.1612,,,,,,,,,,,130.2729529,-42.90863333,155.6333333,11.64166667,959.4,,,,,,,,,,,,,,,,,,,,
50,,,"Australia, Tasmania: Woodland_petiole_width_only",Pultenaea obcordata,Fabales,Fabaceae,Pultenaea,obcordata,,,0.0775,,0.9619,,,,,,,,,,,94.60442873,-42.90863333,155.6333333,11.64166667,959.4,,,,,,,,,,,,,,,,,,,,
86,,,"Peru, Los Amigos: Tropical rainforest on floodplain_petiole_width_only",Quararibea wittii,Malvales,Malvaceae,Quararibea,wittii,,,0.25,,93.38875,,,,,,,,,,,45.5086935,-12.5717,-70.09258333,24.88333333,3432.6,,,,,,,,,,,,,,,,,,,,
69,,,"Israel, Adulam_petiole_width_only",Quercus calliprinos,Fagales,Fagaceae,Quercus,calliprinos,,,0.11,,5.3322,,,,,,,,,,,173.3937212,32.55501667,34.93756667,19.125,655.8,,,,,,,,,,,,,,,,,,,,
72,,,"Israel, Hanadiv_petiole_width_only",Quercus calliprinos,Fagales,Fagaceae,Quercus,calliprinos,,,0.09,,2.9765,,,,,,,,,,,177.423148,31.6423,34.93455,19.425,407,,,,,,,,,,,,,,,,,,,,
79,,,"Mexico, Linares: Thornscrub_petiole_width_only",Randia laevigata,Gentianales,Rubiaceae,Randia,laevigata,,,0.11,,5.1325,,,,,,,,,,,37.99318071,24.78565,-99.51505,22.23333333,795.3,,,,,,,,,,,,,,,,,,,,
87,,,"Peru, Los Amigos: Tropical rainforest on floodplain_petiole_width_only",Sorocea piliata,Rosales,Moraceae,Sorocea,piliata,,,0.228,,169.0761429,,,,,,,,,,,53.23045492,-12.5717,-70.09258333,24.88333333,3432.6,,,,,,,,,,,,,,,,,,,,
95,,,"South Africa, Zululand: Savanna_petiole_width_only",Spirostachys africana,Caryophyllales,Amaranthaceae,Spirostachys,africana,,,0.08,,5.7378,,,,,,,,,,,66.22747394,-28.22128333,31.79411667,21.475,885.2,,,,,,,,,,,,,,,,,,,,
65,,,"Congo, Kabo: Mixed tropical rainforest_petiole_width_only",Strombosia pustulata,Santalales,Olacaceae,Strombosia,pustulata,,,0.2566,,101.4521,,,,,,,,,,,61.01870923,2.1261,16.17776667,21.58333333,1671.9,,,,,,,,,,,,,,,,,,,,
57,,,"Australia, Townsville: Vine_petiole_width_only",Strychnos lucida,Gentianales,Loganiaceae,Strychnos,lucida,,,0.15,,11.9077,,,,,,,,,,,61.55680778,-19.33205,146.7726,23.075,967.7,,,,,,,,,,,,,,,,,,,,
30,,,"Australia, Daintree_petiole_width_only",Syzygium sayeri,Myrtales,Myrtaceae,Syzygium,sayeri,,,0.27,,53.745375,,,,,,,,,,,108.7302861,-16.10325,145.4461667,25.55,1918.1,,,,,,,,,,,,,,,,,,,,
32,,,"Australia, Darwin: Savanna_petiole_width_only",Terminalia fernandiana,Myrtales,Combretaceae,Terminalia,fernandiana,,,0.4,,156.0438333,,,,,,,,,,,129.1944678,-12.45230556,131.1080278,27.60833333,1562.1,,,,,,,,,,,,,,,,,,,,
61,,,"Congo, Kabo: Gilbertiodendron-dominated tropical rainforest_petiole_width_only",Thomandersia sp.,Lamiales,Thomandersiaceae,Thomandersia,,,,0.22,,76.095,,,,,,,,,,,44.80045876,2.1359,16.18756667,21.58333333,1671.9,,,,,,,,,,,,,,,,,,,,
6,,,"Argentina, Tucuman: Yungas N_petiole_width_only",Trichilia hyeronimyi,Sapindales,Meliaceae,Trichilia,hyeronimyi,,,0.13,,17.17133333,,,,,,,,,,,80.07531933,-23.74698333,-64.85421667,13.81666667,520.3,,,,,,,,,,,,,,,,,,,,
15,,,"Australia, Adelaide: Sclerophyll_petiole_width_only",unknown sp.,,,,,,,0.03,,0.0594,,,,,,,,,,,151.5151515,-34.31963333,139.5025833,16.76666667,243.1,,,,,,,,,,,,,,,,,,,,
33,,,"Australia, Darwin: Savanna_petiole_width_only",Xanthostemon paradoxus,Myrtales,Myrtaceae,Xanthostemon,paradoxus,,,0.35,,43.19558333,,,,,,,,,,,106.446068,-12.45230556,131.1080278,27.60833333,1562.1,,,,,,,,,,,,,,,,,,,,
96,,,Alcornocales Natural Park_petiole_width_only,Acer campestre,Sapindales,Sapindaceae,Acer,campestre,,,0.150333333,,29.09113333,,,,,,,,,,,39.18034711,36.416864,-5.581529,16.12916756,784,,,,,,,,,,,,,,,,,,,,
97,,,Alcornocales Natural Park_petiole_width_only,Acer pseudoplatanus,Sapindales,Sapindaceae,Acer,pseudoplatanus,,,0.123166667,,63.0507,,,,,,,,,,,55.12460542,36.416864,-5.581529,16.12916756,784,,,,,,,,,,,,,,,,,,,,
98,,,Alcornocales Natural Park_petiole_width_only,Arbutus unedo,Ericales,Ericaceae,Arbutus,unedo,,,0.141166667,,11.38123333,,,,,,,,,,,64.06609537,36.416864,-5.581529,16.12916756,784,,,,,,,,,,,,,,,,,,,,
99,,,Alcornocales Natural Park_petiole_width_only,Ceanothus thyrsiflorus,Rosales,Rhamnaceae,Ceanothus,thyrsiflorus,,,0.0855,,4.255797556,,,,,,,,,,,174.0891374,36.416864,-5.581529,16.12916756,784,,,,,,,,,,,,,,,,,,,,
100,,,Alcornocales Natural Park_petiole_width_only,Celtis australis,Rosales,Cannabaceae,Celtis,australis,,,0.174,,112.0012333,,,,,,,,,,,38.80376893,36.416864,-5.581529,16.12916756,784,,,,,,,,,,,,,,,,,,,,
101,,,Alcornocales Natural Park_petiole_width_only,Cercis siliquastrum,Fabales,Fabaceae,Cercis,siliquastrum,,,0.244333333,,74.25093333,,,,,,,,,,,64.25559274,36.416864,-5.581529,16.12916756,784,,,,,,,,,,,,,,,,,,,,
102,,,Alcornocales Natural Park_petiole_width_only,Elaeagnus angustifolia,Rosales,Elaeagnaceae,Elaeagnus,angustifolia,,,0.088833333,,10.15896667,,,,,,,,,,,101.5426667,36.416864,-5.581529,16.12916756,784,,,,,,,,,,,,,,,,,,,,
103,,,Alcornocales Natural Park_petiole_width_only,Hippophae rhamnoides,Rosales,Elaeagnaceae,Hippophae,rhamnoides,,,0.165608,,4.526066667,,,,,,,,,,,150.0025802,36.416864,-5.581529,16.12916756,784,,,,,,,,,,,,,,,,,,,,
104,,,Alcornocales Natural Park_petiole_width_only,Myrtus communis,Myrtales,Myrtaceae,Myrtus,communis,,,0.0805,,3.3813,,,,,,,,,,,102.9862538,36.416864,-5.581529,16.12916756,784,,,,,,,,,,,,,,,,,,,,
105,,,Alcornocales Natural Park_petiole_width_only,Nerium oleander,Gentianales,Apocynaceae,Nerium,oleander,,,0.2818125,,29.389075,,,,,,,,,,,150.1623503,36.416864,-5.581529,16.12916756,784,,,,,,,,,,,,,,,,,,,,
106,,,Alcornocales Natural Park_petiole_width_only,Olea europaea,Lamiales,Oleaceae,Olea,europaea,,,0.106666667,,5.250733333,,,,,,,,,,,164.1766054,36.416864,-5.581529,16.12916756,784,,,,,,,,,,,,,,,,,,,,
107,,,Alcornocales Natural Park_petiole_width_only,Phlomis purpurea,Lamiales,Lamiaceae,Phlomis,purpurea,,,0.1679,,8.13958,,,,,,,,,,,137.7318716,36.416864,-5.581529,16.12916756,784,,,,,,,,,,,,,,,,,,,,
108,,,Alcornocales Natural Park_petiole_width_only,Platanus hybrida,Proteales,Platanaceae,Platanus,hybrida,,,0.233,,264.8078667,,,,,,,,,,,67.97734942,36.416864,-5.581529,16.12916756,784,,,,,,,,,,,,,,,,,,,,
109,,,Alcornocales Natural Park_petiole_width_only,Populus alba,Malpighiales,Salicaceae,Populus,alba,,,0.084166667,,12.32593333,,,,,,,,,,,102.3754696,36.416864,-5.581529,16.12916756,784,,,,,,,,,,,,,,,,,,,,
110,,,Alcornocales Natural Park_petiole_width_only,Prunus laurocerasus,Rosales,Rosaceae,Prunus,laurocerasus,,,0.222166667,,28.26363333,,,,,,,,,,,130.3635736,36.416864,-5.581529,16.12916756,784,,,,,,,,,,,,,,,,,,,,
111,,,Alcornocales Natural Park_petiole_width_only,Quercus canariensis,Fagales,Fagaceae,Quercus,canariensis,,,0.132333333,,28.30716667,,,,,,,,,,,109.5563057,36.416864,-5.581529,16.12916756,784,,,,,,,,,,,,,,,,,,,,
112,,,Alcornocales Natural Park_petiole_width_only,Quercus suber,Fagales,Fagaceae,Quercus,suber,,,0.069666667,,2.937433333,,,,,,,,,,,142.3732567,36.416864,-5.581529,16.12916756,784,,,,,,,,,,,,,,,,,,,,
113,,,Alcornocales Natural Park_petiole_width_only,Ribes rubrum,Saxifragales,Grossulariaceae,Ribes,rubrum,,,0.0867,,15.35372,,,,,,,,,,,49.50834719,36.416864,-5.581529,16.12916756,784,,,,,,,,,,,,,,,,,,,,
114,,,Alcornocales Natural Park_petiole_width_only,Syringa vulgaris,Lamias,Oleaceae,Syringa,vulgaris,,,0.2955,,54.32773333,,,,,,,,,,,71.41170345,36.416864,-5.581529,16.12916756,784,,,,,,,,,,,,,,,,,,,,
115,,,Alcornocales Natural Park_petiole_width_only,Viburnum davidii,Dipsacales,Adoxaceae,Viburnum,davidii,,,0.116,,7.5181,,,,,,,,,,,78.48711284,36.416864,-5.581529,16.12916756,784,,,,,,,,,,,,,,,,,,,,
116,,,Alcornocales Natural Park_petiole_width_only,Vitis vinifera,Vitales,Vitaceae,Vitis,vinifera,,,0.149166667,,56.8525,,,,,,,,,,,65.03313575,36.416864,-5.581529,16.12916756,784,,,,,,,,,,,,,,,,,,,,
117,,,"Frodsham, Tasmania_petiole_width_only",Acacia mucronata,Fabales,Fabaceae,Acacia,mucronata,,,0.112,,0.962,,,,,,,,,,,288.981289,-42.8,146.4,8.095833778,1890,,,,,,,,,,,,,,,,,,,,
118,,,"Frodsham, Tasmania_petiole_width_only",Agastachys odorata,Proteales,Proteaceae,Agastachys,odorata,,,0.2175,,3.895166667,,,,,,,,,,,273.11,-42.8,146.4,8.095833778,1890,,,,,,,,,,,,,,,,,,,,
119,,,"Frodsham, Tasmania_petiole_width_only",Banksia marginata,Proteales,Proteaceae,Banksia,marginata,,,0.1124,,1.4884,,,,,,,,,,,204.6492878,-42.8,146.4,8.095833778,1890,,,,,,,,,,,,,,,,,,,,
120,,,"Frodsham, Tasmania_petiole_width_only",Cenarrhenes nitida,Proteales,Proteaceae,Cenarrhenes,nitida,,,0.2176,,21.5044,,,,,,,,,,,225.9677089,-42.8,146.4,8.095833778,1890,,,,,,,,,,,,,,,,,,,,
121,,,"Frodsham, Tasmania_petiole_width_only",Eucalyptus nitida,Myrtales,Myrtaceae,Eucalyptus,nitida,,,0.1344,,15.0854,,,,,,,,,,,194.519204,-42.8,146.4,8.095833778,1890,,,,,,,,,,,,,,,,,,,,
122,,,"Frodsham, Tasmania_petiole_width_only",Eucalyptus obliqua,Myrtales,Myrtaceae,Eucalyptus,obliqua,,,0.177,,34.6012,,,,,,,,,,,221.5009884,-42.8,146.4,8.095833778,1890,,,,,,,,,,,,,,,,,,,,
123,,,"Frodsham, Tasmania_petiole_width_only",Gaultheria hispida,Ericales,Ericaceae,Gaultheria,hispida,,,0.113133333,,1.8254,,,,,,,,,,,174.3179577,-42.8,146.4,8.095833778,1890,,,,,,,,,,,,,,,,,,,,
124,,,"Frodsham, Tasmania_petiole_width_only",Leptecophylla juniperina,Ericales,Ericaceae,Leptecophylla,juniperina,,,0.0544,,0.1282,,,,,,,,,,,162.2464899,-42.8,146.4,8.095833778,1890,,,,,,,,,,,,,,,,,,,,
125,,,"Frodsham, Tasmania_petiole_width_only",Leptospermum glaucescens,Myrtales,Myrtaceae,Leptospermum,glaucescens,,,0.051933333,,0.2436,,,,,,,,,,,197.044335,-42.8,146.4,8.095833778,1890,,,,,,,,,,,,,,,,,,,,
126,,,"Frodsham, Tasmania_petiole_width_only",Leptospermum nitidum,Myrtales,Myrtaceae,Leptospermum,nitidum,,,0.081666667,,0.235,,,,,,,,,,,143.8297872,-42.8,146.4,8.095833778,1890,,,,,,,,,,,,,,,,,,,,
127,,,"Frodsham, Tasmania_petiole_width_only",Melaleuca squarrosa,Myrtales,Myrtaceae,Melaleuca,squarrosa,,,0.1264,,0.5262,,,,,,,,,,,148.6126948,-42.8,146.4,8.095833778,1890,,,,,,,,,,,,,,,,,,,,
128,,,"Frodsham, Tasmania_petiole_width_only",Monotoca glauca,Ericales,Ericaceae,Monotoca,glauca,,,0.075,,0.392,,,,,,,,,,,166.3265306,-42.8,146.4,8.095833778,1890,,,,,,,,,,,,,,,,,,,,
129,,,"Frodsham, Tasmania_petiole_width_only",Oxylobium ellipticum,Fabales,Fabaceae,Oxylobium,ellipticum,,,0.1053,,1.511,,,,,,,,,,,153.8054269,-42.8,146.4,8.095833778,1890,,,,,,,,,,,,,,,,,,,,
130,,,"Frodsham, Tasmania_petiole_width_only",Persoonia gunnii,Proteales,Proteaceae,Persoonia,gunnii,,,0.1568,,1.1884,,,,,,,,,,,235.6109054,-42.8,146.4,8.095833778,1890,,,,,,,,,,,,,,,,,,,,
131,,,"Hobart Wet Sclerophyll, Tasmania_petiole_width_only",Acacia melanoxylon,Fabales,Fabaceae,Acacia,melanoxylon,,,0.1562,,14.6428,,,,,,,,,,,148.0423812,-42.9,147.3,11.29166698,792,,,,,,,,,,,,,,,,,,,,
132,,,"Hobart Wet Sclerophyll, Tasmania_petiole_width_only",Bedfordia salicina,Asterales,Asteraceae,Bedfordia,salicina,,,0.2184,,11.6934,,,,,,,,,,,118.4823956,-42.9,147.3,11.29166698,792,,,,,,,,,,,,,,,,,,,,
133,,,"Hobart Wet Sclerophyll, Tasmania_petiole_width_only",Beyeria viscosa,Malpighiales,Euphorbiaceae,Beyeria,viscosa,,,0.1058,,2.8484,,,,,,,,,,,145.6467453,-42.9,147.3,11.29166698,792,,,,,,,,,,,,,,,,,,,,
134,,,"Hobart Wet Sclerophyll, Tasmania_petiole_width_only",Bursaria spinosa,Apiales,Pittosporaceae,Bursaria,spinosa,,,0.0996,,1.6748,,,,,,,,,,,147.2714049,-42.9,147.3,11.29166698,792,,,,,,,,,,,,,,,,,,,,
135,,,"Hobart Wet Sclerophyll, Tasmania_petiole_width_only",Dodonaea viscosa,Sapindales,Sapindaceae,Dodonaea,viscosa,,,0.0992,,2.8192,,,,,,,,,,,108.3457165,-42.9,147.3,11.29166698,792,,,,,,,,,,,,,,,,,,,,
136,,,"Hobart Wet Sclerophyll, Tasmania_petiole_width_only",Eucalyptus obliqua,Myrtales,Myrtaceae,Eucalyptus,obliqua,,,0.1776,,36.5432,,,,,,,,,,,157.2851593,-42.9,147.3,11.29166698,792,,,,,,,,,,,,,,,,,,,,
137,,,"Hobart Wet Sclerophyll, Tasmania_petiole_width_only",Nematolepis squamea,Sapindales,Rutaceae,Nematolepis,squamea,,,0.1162,,4.0328,,,,,,,,,,,139.5488488,-42.9,147.3,11.29166698,792,,,,,,,,,,,,,,,,,,,,
138,,,"Hobart Wet Sclerophyll, Tasmania_petiole_width_only",Olearia argophylla,Asterales,Asteraceae,Olearia,argophylla,,,0.2118,,31.2356,,,,,,,,,,,120.0425369,-42.9,147.3,11.29166698,792,,,,,,,,,,,,,,,,,,,,
139,,,"Hobart Wet Sclerophyll, Tasmania_petiole_width_only",Pittosporum bicolor,Apiales,Pittosporaceae,Pittosporum,bicolor,,,0.1104,,2.9034,,,,,,,,,,,135.013912,-42.9,147.3,11.29166698,792,,,,,,,,,,,,,,,,,,,,
140,,,"Hobart Wet Sclerophyll, Tasmania_petiole_width_only",Pomaderris apetala,Rosales,Rhamnaceae,Pomaderris,apetala,,,0.1476,,13.0072,,,,,,,,,,,109.2225955,-42.9,147.3,11.29166698,792,,,,,,,,,,,,,,,,,,,,
141,,,"Hobart Wet Sclerophyll, Tasmania_petiole_width_only",Zieria arborescens,Sapindales,Rutaceae,Zieria,arborescens,,,0.1132,,4.6916,,,,,,,,,,,80.40008661,-42.9,147.3,11.29166698,792,,,,,,,,,,,,,,,,,,,,
142,,,Kokee Park_petiole_width_only,Acacia koa,Fabales,Fabaceae,Acacia,koa,,,0.183333333,,17.38,,,,,,,,,,,159.031428,-33.61666667,151.2166667,15.5,2500,,,,,,,,,,,,,,,,,,,,
143,,,Kokee Park_petiole_width_only,Broussaisia arguta,Cornales,Hydrangeaceae,Broussaisia,arguta,,,0.371666667,,99.45,,,,,,,,,,,98.71474647,-33.61666667,151.2166667,15.5,2500,,,,,,,,,,,,,,,,,,,,
144,,,Kokee Park_petiole_width_only,Chamaesyce atrococca,Malpighiales,Euphorbiaceae,Chamaesyce,atrococca,,,0.064,,22.25,,,,,,,,,,,92.63640678,-33.61666667,151.2166667,15.5,2500,,,,,,,,,,,,,,,,,,,,
145,,,Kokee Park_petiole_width_only,Chamaesyce remyi var remyi,Malpighiales,Euphorbiaceae,Chamaesyce,remyi,,,0.125833333,,65.20333333,,,,,,,,,,,108.185576,-33.61666667,151.2166667,15.5,2500,,,,,,,,,,,,,,,,,,,,
146,,,Kokee Park_petiole_width_only,Cheirodendron platyphyllum,Apiales,Araliaceae,Cheirodendron,platyphyllum,,,0.1,,43.6,,,,,,,,,,,76.01962012,-33.61666667,151.2166667,15.5,2500,,,,,,,,,,,,,,,,,,,,
147,,,Kokee Park_petiole_width_only,Dodonaea viscosa,Sapindales,Sapindaceae,Dodonaea,viscosa,,,0.153333333,,14.83333333,,,,,,,,,,,79.32814166,-33.61666667,151.2166667,15.5,2500,,,,,,,,,,,,,,,,,,,,
148,,,Kokee Park_petiole_width_only,Metrosideros polymorpha,Myrtales,Myrtaceae,Metrosideros,polymorpha,,,0.181666667,,7.875,,,,,,,,,,,152.2871482,-33.61666667,151.2166667,15.5,2500,,,,,,,,,,,,,,,,,,,,
149,,,Kokee Park_petiole_width_only,Nestegis sandwicensis,Lamiales,Oleaceae,Nestegis,sandwicensis,,,0.271666667,,27.43333333,,,,,,,,,,,224.3603996,-33.61666667,151.2166667,15.5,2500,,,,,,,,,,,,,,,,,,,,
150,,,Kokee Park_petiole_width_only,Perrottetia sandwicensis,Huerteales,Dipentodontaceae,Perrottetia,sandwicensis,,,0.231666667,,34.3,,,,,,,,,,,107.950392,-33.61666667,151.2166667,15.5,2500,,,,,,,,,,,,,,,,,,,,
151,,,Kokee Park_petiole_width_only,Scaevola procera,Asterales,Goodeniaceae,Scaevola,procera,,,0.196666667,,20.76666667,,,,,,,,,,,86.81762986,-33.61666667,151.2166667,15.5,2500,,,,,,,,,,,,,,,,,,,,
152,,,Kuringai Chase National Park (high P)_petiole_width_only,Astrotricha floccosa,Apiales,Araliaceae,Astrotricha,floccosa,,,0.177333333,,29.0558,,,,,,,,,,,61.62544745,-33.61666667,151.2166667,17.5,1148,,,,,,,,,,,,,,,,,,,,
153,,,Kuringai Chase National Park (high P)_petiole_width_only,Correa reflexa,Sapindales,Rutaceae,Correa,reflexa,,,0.059666667,,2.0886,,,,,,,,,,,98.73889365,-33.61666667,151.2166667,17.5,1148,,,,,,,,,,,,,,,,,,,,
154,,,Kuringai Chase National Park (high P)_petiole_width_only,Eucalyptus umbra,Myrtales,Myrtaceae,Eucalyptus,umbra,,,0.18,,39.387,,,,,,,,,,,205.8,-33.61666667,151.2166667,17.5,1148,,,,,,,,,,,,,,,,,,,,
155,,,Kuringai Chase National Park (high P)_petiole_width_only,Lasiopetalum ferrugineum,Malvales,Malvaceae,Lasiopetalum,ferrugineum,,,0.083333333,,6.5799,,,,,,,,,,,112.3450593,-33.61666667,151.2166667,17.5,1148,,,,,,,,,,,,,,,,,,,,
156,,,Kuringai Chase National Park (high P)_petiole_width_only,Pomaderris ferruginea,Rosales,Rhamnaceae,Pomaderris,ferruginea,,,0.113666667,,10.69196667,,,,,,,,,,,137.3348734,-33.61666667,151.2166667,17.5,1148,,,,,,,,,,,,,,,,,,,,
157,,,Kuringai Chase National Park (high P)_petiole_width_only,Pultenaea daphnoides,Fabales,Fabaceae,Pultenaea,daphnoides,,,0.058666667,,1.263366667,,,,,,,,,,,108.9510155,-33.61666667,151.2166667,17.5,1148,,,,,,,,,,,,,,,,,,,,
158,,,Kuringai Chase National Park (high P)_petiole_width_only,Pultenaea flexilis,Fabales,Fabaceae,Pultenaea,flexilis,,,0.035,,0.3055,,,,,,,,,,,111.1468458,-33.61666667,151.2166667,17.5,1148,,,,,,,,,,,,,,,,,,,,
159,,,Kuringai Chase National Park (high P)_petiole_width_only,Syncarpia glomulifera,Myrtales,Myrtaceae,Syncarpia,glomulifera,,,0.127333333,,10.65016667,,,,,,,,,,,140.5856057,-33.61666667,151.2166667,17.5,1148,,,,,,,,,,,,,,,,,,,,
160,,,Kuringai Chase National Park (high P)_petiole_width_only,Synoum glandulosum,Sapindales,Meliaceae,Synoum,glandulosum,,,0.107333333,,7.103066667,,,,,,,,,,,127.0982116,-33.61666667,151.2166667,17.5,1148,,,,,,,,,,,,,,,,,,,,
161,,,Kuringai Chase National Park (high P)_petiole_width_only,Xylomelum pyriforme,Proteales,Proteaceae,Xylomelum,pyriforme,,,0.191,,18.2404,,,,,,,,,,,179.7420106,-33.61666667,151.2166667,17.5,1148,,,,,,,,,,,,,,,,,,,,
162,,,Kuringai Chase National Park (low P)_petiole_width_only,Acacia suaveolens,Fabales,Fabaceae,Acacia,suaveolens,,,0.120333333,,2.7934,,,,,,,,,,,238.2120678,-32.97152778,146.15,17.1,412,,,,,,,,,,,,,,,,,,,,
163,,,Kuringai Chase National Park (low P)_petiole_width_only,Banksia marginata,Proteales,Proteaceae,Banksia,marginata,,,0.097666667,,2.204366667,,,,,,,,,,,173.4385972,-32.97152778,146.15,17.1,412,,,,,,,,,,,,,,,,,,,,
164,,,Kuringai Chase National Park (low P)_petiole_width_only,Boronia ledifolia,Sapindales,Rutaceae,Boronia,ledifolia,,,0.069666667,,0.599066667,,,,,,,,,,,214.0670194,-32.97152778,146.15,17.1,412,,,,,,,,,,,,,,,,,,,,
165,,,Kuringai Chase National Park (low P)_petiole_width_only,Corymbia gummifera,Myrtales,Myrtaceae,Corymbia,gummifera,,,0.208,,10.893,,,,,,,,,,,259.4273264,-32.97152778,146.15,17.1,412,,,,,,,,,,,,,,,,,,,,
166,,,Kuringai Chase National Park (low P)_petiole_width_only,Eriostemon australasius,Sapindales,Rutaceae,Eriostemon,australasius,,,0.077666667,,1.185466667,,,,,,,,,,,153.408174,-32.97152778,146.15,17.1,412,,,,,,,,,,,,,,,,,,,,
167,,,Kuringai Chase National Park (low P)_petiole_width_only,Eucalyptus haemostoma,Myrtales,Myrtaceae,Eucalyptus,haemostoma,,,0.193333333,,17.9531,,,,,,,,,,,275.3981644,-32.97152778,146.15,17.1,412,,,,,,,,,,,,,,,,,,,,
168,,,Kuringai Chase National Park (low P)_petiole_width_only,Grevillea buxifolia,Proteales,Proteaceae,Grevillea,buxifolia,,,0.104,,0.611366667,,,,,,,,,,,120.4943569,-32.97152778,146.15,17.1,412,,,,,,,,,,,,,,,,,,,,
169,,,Kuringai Chase National Park (low P)_petiole_width_only,Grevillea speciosa,Proteales,Proteaceae,Grevillea,speciosa,,,0.086666667,,1.4985,,,,,,,,,,,158.7358554,-32.97152778,146.15,17.1,412,,,,,,,,,,,,,,,,,,,,
170,,,Kuringai Chase National Park (low P)_petiole_width_only,Hakea dactyloides,Proteales,Proteaceae,Hakea,dactyloides,,,0.158666667,,6.371266667,,,,,,,,,,,316.0517851,-32.97152778,146.15,17.1,412,,,,,,,,,,,,,,,,,,,,
171,,,Kuringai Chase National Park (low P)_petiole_width_only,Hibbertia bracteata,Dilleniales,Dilleniaceae,Hibbertia,bracteata,,,0.083666667,,0.611433333,,,,,,,,,,,134.0593538,-32.97152778,146.15,17.1,412,,,,,,,,,,,,,,,,,,,,
172,,,Kuringai Chase National Park (low P)_petiole_width_only,Lambertia formosa,Proteales,Proteaceae,Lambertia,formosa,,,0.068333333,,1.579566667,,,,,,,,,,,260.834201,-32.97152778,146.15,17.1,412,,,,,,,,,,,,,,,,,,,,
173,,,Kuringai Chase National Park (low P)_petiole_width_only,Persoonia levis,Proteales,Proteaceae,Persoonia,levis,,,0.126666667,,25.5247,,,,,,,,,,,209.3338659,-32.97152778,146.15,17.1,412,,,,,,,,,,,,,,,,,,,,
174,,,Kuringai Chase National Park (low P)_petiole_width_only,Phyllota phylicoides,Fabales,Fabaceae,Phyllota,phylicoides,,,0.028333333,,0.122133333,,,,,,,,,,,137.2515674,-32.97152778,146.15,17.1,412,,,,,,,,,,,,,,,,,,,,
175,,,Kuringai Chase National Park (low P)_petiole_width_only,Pimelea linifolia,Malvales,Thymelaeaceae,Pimelea,linifolia,,,0.049666667,,0.353433333,,,,,,,,,,,106.7072822,-32.97152778,146.15,17.1,412,,,,,,,,,,,,,,,,,,,,
176,,,Margaret River_petiole_width_only,?Pimelea sp.,Malvales,Thymelaeaceae,Pimelea,sp.,,,0.074333333,,0.4658,,,,,,,,,,,239.5878059,-34.1,115.1,16.52499962,1147,,,,,,,,,,,,,,,,,,,,
177,,,Margaret River_petiole_width_only,Acacia elongate,Fabales,Fabaceae,Acacia,elongate,,,0.1658,,5.5542,,,,,,,,,,,118.1448273,-34.1,115.1,16.52499962,1147,,,,,,,,,,,,,,,,,,,,
178,,,Margaret River_petiole_width_only,Agonis flexuosa,Myrtales,Myrtaceae,Agonis,flexuosa,,,0.0788,,3.5036,,,,,,,,,,,102.1235301,-34.1,115.1,16.52499962,1147,,,,,,,,,,,,,,,,,,,,
179,,,Margaret River_petiole_width_only,Baeckea sp.,Myrtales,Myrtaceae,Baeckea,sp.,,,0.0628,,0.121333333,,,,,,,,,,,603.2967033,-34.1,115.1,16.52499962,1147,,,,,,,,,,,,,,,,,,,,
180,,,Margaret River_petiole_width_only,Banksia grandis,Proteales,Proteaceae,Banksia,grandis,,,0.3505,,138.4385,,,,,,,,,,,220.2939693,-34.1,115.1,16.52499962,1147,,,,,,,,,,,,,,,,,,,,
181,,,Margaret River_petiole_width_only,Banksia ilicifolia,Proteales,Proteaceae,Banksia,ilicifolia,,,0.2582,,18.8528,,,,,,,,,,,307.2328779,-34.1,115.1,16.52499962,1147,,,,,,,,,,,,,,,,,,,,
182,,,Margaret River_petiole_width_only,cf. Lasiopetalum,Malvales,Malvaceae,Lasiopetalum,,,,0.1198,,2.1732,,,,,,,,,,,93.22657832,-34.1,115.1,16.52499962,1147,,,,,,,,,,,,,,,,,,,,
183,,,Margaret River_petiole_width_only,Epacridaceae medium,Ericales,Ericaceae,,,,,0.075933333,,0.289533333,,,,,,,,,,,334.3311075,-34.1,115.1,16.52499962,1147,,,,,,,,,,,,,,,,,,,,
184,,,Margaret River_petiole_width_only,Epacridaceae small,Ericales,Ericaceae,,,,,0.055933333,,0.142533333,,,,,,,,,,,318.5219832,-34.1,115.1,16.52499962,1147,,,,,,,,,,,,,,,,,,,,
185,,,Margaret River_petiole_width_only,Eucalyptus sp.#1,Myrtales,Myrtaceae,Eucalyptus,,,,0.2244,,35.1604,,,,,,,,,,,153.0869956,-34.1,115.1,16.52499962,1147,,,,,,,,,,,,,,,,,,,,
186,,,Margaret River_petiole_width_only,Eucalyptus sp.#2,Myrtales,Myrtaceae,Eucalyptus,,,,0.2004,,26.3552,,,,,,,,,,,147.1208718,-34.1,115.1,16.52499962,1147,,,,,,,,,,,,,,,,,,,,
187,,,Margaret River_petiole_width_only,Fabaceae sp. #1,Fabales,Fabaceae,,,,,0.0482,,0.3944,,,,,,,,,,,112.3225152,-34.1,115.1,16.52499962,1147,,,,,,,,,,,,,,,,,,,,
188,,,Margaret River_petiole_width_only,Fabaceae sp. #2,Fabales,Fabaceae,,,,,0.164,,4.8576,,,,,,,,,,,119.4828722,-34.1,115.1,16.52499962,1147,,,,,,,,,,,,,,,,,,,,
189,,,Margaret River_petiole_width_only,Fabaceae sp. #3,Fabales,Fabaceae,,,,,0.1568,,6.6236,,,,,,,,,,,125.9435956,-34.1,115.1,16.52499962,1147,,,,,,,,,,,,,,,,,,,,
190,,,Margaret River_petiole_width_only,Fabaceae sp. #4,Fabales,Fabaceae,,,,,0.0452,,0.320466667,,,,,,,,,,,191.5955898,-34.1,115.1,16.52499962,1147,,,,,,,,,,,,,,,,,,,,
191,,,Margaret River_petiole_width_only,Fabaceae sp. #5,Fabales,Fabaceae,,,,,0.0742,,2.0266,,,,,,,,,,,114.9708872,-34.1,115.1,16.52499962,1147,,,,,,,,,,,,,,,,,,,,
192,,,Margaret River_petiole_width_only,Gastrolobium sp.,Fabales,Fabaceae,Gastrolobium,,,,0.1285,,0.9755,,,,,,,,,,,142.2860072,-34.1,115.1,16.52499962,1147,,,,,,,,,,,,,,,,,,,,
193,,,Margaret River_petiole_width_only,Grevillea quercifolia,Proteales,Proteaceae,Grevillea,quercifolia,,,0.1152,,18.3482,,,,,,,,,,,108.6101089,-34.1,115.1,16.52499962,1147,,,,,,,,,,,,,,,,,,,,
194,,,Margaret River_petiole_width_only,Persoonia sp.,Proteales,Proteaceae,Persoonia,,,,0.1452,,6.2776,,,,,,,,,,,174.493437,-34.1,115.1,16.52499962,1147,,,,,,,,,,,,,,,,,,,,
195,,,Margaret River_petiole_width_only,unknown sp. #1,,,,,,,0.0856,,0.394266667,,,,,,,,,,,311.9715928,-34.1,115.1,16.52499962,1147,,,,,,,,,,,,,,,,,,,,
196,,,Margaret River_petiole_width_only,unknown sp. #2,,,,,,,0.079666667,,0.375,,,,,,,,,,,310.9333333,-34.1,115.1,16.52499962,1147,,,,,,,,,,,,,,,,,,,,
197,,,Margaret River_petiole_width_only,Xylomelum occidentalis,Proteales,Proteaceae,Xylomelum,occidentalis,,,0.216,,29.25133333,,,,,,,,,,,271.7084122,-34.1,115.1,16.52499962,1147,,,,,,,,,,,,,,,,,,,,
198,,,"Mt. Read, Tasmania_petiole_width_only",Agastachys odorata,Proteales,Proteaceae,Agastachys,odorata,,,0.234,,4.7376,,,,,,,,,,,305.2600473,-41.8,145.6,8.220832825,2634,,,,,,,,,,,,,,,,,,,,
199,,,"Mt. Read, Tasmania_petiole_width_only",Anodopetalum biglandulosum,Oxalidales,Cunoniaceae,Anodopetalum,biglandulosum,,,0.0912,,1.5868,,,,,,,,,,,188.8076632,-41.8,145.6,8.220832825,2634,,,,,,,,,,,,,,,,,,,,
200,,,"Mt. Read, Tasmania_petiole_width_only",Archeria serpyllifolia,Ericales,Ericaceae,Archeria,serpyllifolia,,,0.0966,,0.1194,,,,,,,,,,,227.8056951,-41.8,145.6,8.220832825,2634,,,,,,,,,,,,,,,,,,,,
201,,,"Mt. Read, Tasmania_petiole_width_only",Bellendena montana,Proteales,Proteaceae,Bellendena,montana,,,0.111,,1.1746,,,,,,,,,,,219.1384301,-41.8,145.6,8.220832825,2634,,,,,,,,,,,,,,,,,,,,
202,,,"Mt. Read, Tasmania_petiole_width_only",Cenarrhenes nitida,Proteales,Proteaceae,Cenarrhenes,nitida,,,0.2306,,7.7498,,,,,,,,,,,336.1377068,-41.8,145.6,8.220832825,2634,,,,,,,,,,,,,,,,,,,,
203,,,"Mt. Read, Tasmania_petiole_width_only",Eucryphia lucida,Oxalidales,Cunoniaceae,Eucryphia,lucida,,,0.1222,,2.3808,,,,,,,,,,,180.9475806,-41.8,145.6,8.220832825,2634,,,,,,,,,,,,,,,,,,,,
204,,,"Mt. Read, Tasmania_petiole_width_only",Gaultheria hispida,Ericales,Ericaceae,Gaultheria,hispida,,,0.1398,,2.6268,,,,,,,,,,,186.0819248,-41.8,145.6,8.220832825,2634,,,,,,,,,,,,,,,,,,,,
205,,,"Mt. Read, Tasmania_petiole_width_only",Leptecophylla juniperina,Ericales,Ericaceae,Leptecophylla,juniperina,,,0.0748,,0.1186,,,,,,,,,,,168.6340641,-41.8,145.6,8.220832825,2634,,,,,,,,,,,,,,,,,,,,
206,,,"Mt. Read, Tasmania_petiole_width_only",Leptospermum nitidum,Myrtales,Myrtaceae,Leptospermum,nitidum,,,0.128,,0.625,,,,,,,,,,,162.24,-41.8,145.6,8.220832825,2634,,,,,,,,,,,,,,,,,,,,
207,,,"Mt. Read, Tasmania_petiole_width_only",Nothofagus cunninghamii,Fagales,Nothofagaceae,Nothofagus,cunninghamii,,,0.0758,,0.4988,,,,,,,,,,,200.8821171,-41.8,145.6,8.220832825,2634,,,,,,,,,,,,,,,,,,,,
208,,,"Mt. Read, Tasmania_petiole_width_only",Nothofagus gunnii,Fagales,Nothofagaceae,Nothofagus,gunnii,,,0.0776,,1.7366,,,,,,,,,,,94.09190372,-41.8,145.6,8.220832825,2634,,,,,,,,,,,,,,,,,,,,
209,,,"Mt. Read, Tasmania_petiole_width_only",Olearia persoonioides,Asterales,Asteraceae,Olearia,persoonioides,,,0.1126,,1.7412,,,,,,,,,,,180.6799908,-41.8,145.6,8.220832825,2634,,,,,,,,,,,,,,,,,,,,
210,,,"Mt. Read, Tasmania_petiole_width_only",Orites acicularis,Proteales,Proteaceae,Orites,acicularis,,,0.0624,,0.33,,,,,,,,,,,545.4545455,-41.8,145.6,8.220832825,2634,,,,,,,,,,,,,,,,,,,,
211,,,"Mt. Read, Tasmania_petiole_width_only",Orites milliganii,Proteales,Proteaceae,Orites,milliganii,,,0.14975,,2.644625,,,,,,,,,,,299.57,-41.8,145.6,8.220832825,2634,,,,,,,,,,,,,,,,,,,,
212,,,"Mt. Read, Tasmania_petiole_width_only",Orites revoluta,Proteales,Proteaceae,Orites,revoluta,,,0.0858,,0.2858,,,,,,,,,,,421.2736179,-41.8,145.6,8.220832825,2634,,,,,,,,,,,,,,,,,,,,
213,,,"Mt. Read, Tasmania_petiole_width_only",Persoonia gunnii,Proteales,Proteaceae,Persoonia,gunnii,,,0.1578,,1.2216,,,,,,,,,,,242.4688933,-41.8,145.6,8.220832825,2634,,,,,,,,,,,,,,,,,,,,
214,,,"Mt. Read, Tasmania_petiole_width_only",Tasmannia lanceolata,Canellales,Winteraceae,Tasmannia,lanceolata,,,0.1576,,2.0776,,,,,,,,,,,214.9595687,-41.8,145.6,8.220832825,2634,,,,,,,,,,,,,,,,,,,,
215,,,"Mt. Read, Tasmania_petiole_width_only",Telopea truncata,Proteales,Proteaceae,Telopea,truncata,,,0.2056,,4.9664,,,,,,,,,,,225.7973582,-41.8,145.6,8.220832825,2634,,,,,,,,,,,,,,,,,,,,
216,,,"Mt. Read, Tasmania_petiole_width_only",Tetracarpaea tasmanica,Saxifragales,Tetracarpaeaceae,Tetracarpaea,tasmanica,,,0.1618,,1.4136,,,,,,,,,,,138.7945671,-41.8,145.6,8.220832825,2634,,,,,,,,,,,,,,,,,,,,
217,,,"Mt. Read, Tasmania_petiole_width_only",Trochocarpa cunninghamii,Ericales,Ericaceae,Trochocarpa,cunninghamii,,,0.0548,,0.2878,,,,,,,,,,,154.2738013,-41.8,145.6,8.220832825,2634,,,,,,,,,,,,,,,,,,,,
218,,,Okataina_petiole_width_only,Alectryon excelsus,Sapindales,Sapindaceae,Alectryon,excelsus,,,0.108,,14.8358,,,,,,,,,,,119.7307773,-38.8,176.4,9.920833588,1596,,,,,,,,,,,,,,,,,,,,
219,,,Okataina_petiole_width_only,Aristotelia serrata,Oxalidales,Elaeocarpaceae,Aristotelia,serrata,,,0.18,,44.7876,,,,,,,,,,,122.211475,-38.8,176.4,9.920833588,1596,,,,,,,,,,,,,,,,,,,,
220,,,Okataina_petiole_width_only,Beilschmiedia tawa,Laurales,Lauraceae,Beilschmiedia,tawa,,,0.128,,10.4598,,,,,,,,,,,163.9627916,-38.8,176.4,9.920833588,1596,,,,,,,,,,,,,,,,,,,,
221,,,Okataina_petiole_width_only,Carpodetus serratus,Asterales,Rousseaceae,Carpodetus,serratus,,,0.08375,,7.56525,,,,,,,,,,,109.92744,-38.8,176.4,9.920833588,1596,,,,,,,,,,,,,,,,,,,,
222,,,Okataina_petiole_width_only,Coprosma grandifolia,Gentianales,Rubiaceae,Coprosma,grandifolia,,,0.236428571,,27.44,,,,,,,,,,,96.30162746,-38.8,176.4,9.920833588,1596,,,,,,,,,,,,,,,,,,,,
223,,,Okataina_petiole_width_only,Coprosma robusta,Gentianales,Rubiaceae,Coprosma,robusta,,,0.20875,,18.02075,,,,,,,,,,,135.6044326,-38.8,176.4,9.920833588,1596,,,,,,,,,,,,,,,,,,,,
224,,,Okataina_petiole_width_only,Elaeocarpus dentatus,Oxalidales,Elaeocarpaceae,Elaeocarpus,dentatus,,,0.135,,17.4676,,,,,,,,,,,167.2832948,-38.8,176.4,9.920833588,1596,,,,,,,,,,,,,,,,,,,,
225,,,Okataina_petiole_width_only,Fuchsia excorticata,Myrtales,Onagraceae,Fuchsia,excorticata,,,0.137,,27.07426667,,,,,,,,,,,63.99631839,-38.8,176.4,9.920833588,1596,,,,,,,,,,,,,,,,,,,,
226,,,Okataina_petiole_width_only,Geniostoma rupestre,Gentianales,Loganiaceae,Geniostoma,rupestre,,,0.12,,7.774,,,,,,,,,,,72.7680256,-38.8,176.4,9.920833588,1596,,,,,,,,,,,,,,,,,,,,
227,,,Okataina_petiole_width_only,Hedycarya arborea,Laurales,Monimiaceae,Hedycarya,arborea,,,0.16,,10.47175,,,,,,,,,,,124.9273399,-38.8,176.4,9.920833588,1596,,,,,,,,,,,,,,,,,,,,
228,,,Okataina_petiole_width_only,Knightia excelsa,Proteales,Proteaceae,Knightia,excelsa,,,0.17,,31.2785,,,,,,,,,,,239.2106602,-38.8,176.4,9.920833588,1596,,,,,,,,,,,,,,,,,,,,
229,,,Okataina_petiole_width_only,Laurelia novaezelandiae,Laurales,Atherospermataceae,Laurelia,novaezelandiae,,,0.155,,10.65525,,,,,,,,,,,127.6155396,-38.8,176.4,9.920833588,1596,,,,,,,,,,,,,,,,,,,,
230,,,Okataina_petiole_width_only,Litsea calicaris,Laurales,Lauraceae,Litsea,calicaris,,,0.1375,,21.5425,,,,,,,,,,,124.3966537,-38.8,176.4,9.920833588,1596,,,,,,,,,,,,,,,,,,,,
231,,,Okataina_petiole_width_only,Melicytus ramiflorus,Malpighiales,Violaceae,Melicytus,ramiflorus,,,0.155,,30.25775,,,,,,,,,,,93.39299618,-38.8,176.4,9.920833588,1596,,,,,,,,,,,,,,,,,,,,
232,,,Okataina_petiole_width_only,Pennantia corymbosa,Apiales,Pennantiaceae,Pennantia,corymbosa,,,0.1,,8.55675,,,,,,,,,,,100.6020701,-38.8,176.4,9.920833588,1596,,,,,,,,,,,,,,,,,,,,
233,,,Okataina_petiole_width_only,Pittosporum eugenioides,Apiales,Pittosporaceae,Pittosporum,eugenioides,,,0.153333333,,18.54966667,,,,,,,,,,,105.1550784,-38.8,176.4,9.920833588,1596,,,,,,,,,,,,,,,,,,,,
234,,,Okataina_petiole_width_only,Pittosporum tenuifolium,Apiales,Pittosporaceae,Pittosporum,tenuifolium,,,0.10625,,12.28425,,,,,,,,,,,134.2418253,-38.8,176.4,9.920833588,1596,,,,,,,,,,,,,,,,,,,,
235,,,Okataina_petiole_width_only,Pseudopanax arboreus,Apiales,Araliaceae,Pseudopanax,arboreus,,,0.192,,37.208,,,,,,,,,,,176.0792064,-38.8,176.4,9.920833588,1596,,,,,,,,,,,,,,,,,,,,
236,,,Okataina_petiole_width_only,Pseudopanax crassifolius,Apiales,Araliaceae,Pseudopanax,crassifolius,,,0.296666667,,30.5,,,,,,,,,,,316.1292517,-38.8,176.4,9.920833588,1596,,,,,,,,,,,,,,,,,,,,
237,,,Okataina_petiole_width_only,Weinmannia racemosa,Oxalidales,Cunoniaceae,Weinmannia,racemosa,,,0.1275,,13.5365,,,,,,,,,,,180.8440224,-38.8,176.4,9.920833588,1596,,,,,,,,,,,,,,,,,,,,
238,,,Round Hill woodland_petiole_width_only,Acacia doratoxylon,Fabales,Fabaceae,Acacia,doratoxylon,,,0.148333333,,8.5811,,,,,,,,,,,268.7812602,-32.97638,146.14583,17.41666603,406,,,,,,,,,,,,,,,,,,,,
239,,,Round Hill woodland_petiole_width_only,Acacia oswaldii,Fabales,Fabaceae,Acacia,oswaldii,,,0.059333333,,1.1623,,,,,,,,,,,381.1893847,-32.97638,146.14583,17.41666603,406,,,,,,,,,,,,,,,,,,,,
240,,,Round Hill woodland_petiole_width_only,Brachychiton populneus,Malvales,Malvaceae,Brachychiton,populneus,,,0.125333333,,9.7135,,,,,,,,,,,142.6079121,-32.97638,146.14583,17.41666603,406,,,,,,,,,,,,,,,,,,,,
241,,,Round Hill woodland_petiole_width_only,Dodonaea viscosa cuneata,Sapindales,Sapindaceae,Dodonaea,viscosa,,,0.031333333,,0.3247,,,,,,,,,,,161.6987903,-32.97638,146.14583,17.41666603,406,,,,,,,,,,,,,,,,,,,,
242,,,Round Hill woodland_petiole_width_only,Dodonaea viscosa spatulata,Sapindales,Sapindaceae,Dodonaea,viscosa,,,0.084333333,,2.0657,,,,,,,,,,,141.0783338,-32.97638,146.14583,17.41666603,406,,,,,,,,,,,,,,,,,,,,
243,,,Round Hill woodland_petiole_width_only,Eremophila glabra,Lamiales,Scrophulariaceae,Eremophila,glabra,,,0.062333333,,0.8233,,,,,,,,,,,173.1263901,-32.97638,146.14583,17.41666603,406,,,,,,,,,,,,,,,,,,,,
244,,,Round Hill woodland_petiole_width_only,Eremophila mitchelli,Lamiales,Scrophulariaceae,Eremophila,mitchelli,,,0.047,,0.711333333,,,,,,,,,,,196.527568,-32.97638,146.14583,17.41666603,406,,,,,,,,,,,,,,,,,,,,
245,,,Round Hill woodland_petiole_width_only,Eucalyptus intertexta,Myrtales,Myrtaceae,Eucalyptus,intertexta,,,0.100333333,,5.856033333,,,,,,,,,,,151.0482327,-32.97638,146.14583,17.41666603,406,,,,,,,,,,,,,,,,,,,,
246,,,Round Hill woodland_petiole_width_only,Geijera parviflora,Sapindales,Rutaceae,Geijera,parviflora,,,0.069666667,,3.9339,,,,,,,,,,,185.3694415,-32.97638,146.14583,17.41666603,406,,,,,,,,,,,,,,,,,,,,
247,,,Round Hill woodland_petiole_width_only,Philotheca difformis,Sapindales,Rutaceae,Philotheca,difformis,,,0.037333333,,0.0538,,,,,,,,,,,316.642264,-32.97638,146.14583,17.41666603,406,,,,,,,,,,,,,,,,,,,,
248,,,Round Hill woodland_petiole_width_only,Pimelea microcephala,Malvales,Thymelaeaceae,Pimelea,microcephala,,,0.049,,0.398133333,,,,,,,,,,,119.4836652,-32.97638,146.14583,17.41666603,406,,,,,,,,,,,,,,,,,,,,
249,,,Round Hill woodland_petiole_width_only,Spartothamnella puberula,Lamiales,Lamiaceae,Teucrium,puberula,,,0.042,,0.2332,,,,,,,,,,,122.6369263,-32.97638,146.14583,17.41666603,406,,,,,,,,,,,,,,,,,,,,
250,,,Round Hill woodland_petiole_width_only,Acacia willhelmiana,Fabales,Fabaceae,Acacia,willhelmiana,,,0.048,,0.128833333,,,,,,,,,,,212.1832226,-32.97638,146.14583,17.41666603,406,,,,,,,,,,,,,,,,,,,,
251,,,Round Hill mallee_petiole_width_only,Beyeria opaca,Malpighiales,Euphorbiaceae,Beyeria,opaca,,,0.034666667,,0.3076,,,,,,,,,,,163.6996248,-32.966,146.15472,17.35833359,415,,,,,,,,,,,,,,,,,,,,
252,,,Round Hill mallee_petiole_width_only,Eucalyptus dumosa,Myrtales,Myrtaceae,Eucalyptus,dumosa,,,0.159333333,,11.09993333,,,,,,,,,,,356.9681895,-32.966,146.15472,17.35833359,415,,,,,,,,,,,,,,,,,,,,
253,,,Round Hill mallee_petiole_width_only,Eucalyptus socialis,Myrtales,Myrtaceae,Eucalyptus,socialis,,,0.122,,5.866666667,,,,,,,,,,,269.8246648,-32.966,146.15472,17.35833359,415,,,,,,,,,,,,,,,,,,,,
254,,,Round Hill mallee_petiole_width_only,Santalum acuminatum,Santalales,Santalaceae,Santalum,acuminatum,,,0.114,,3.505733333,,,,,,,,,,,387.4703302,-32.966,146.15472,17.35833359,415,,,,,,,,,,,,,,,,,,,,
