"site","fold","target","n_species","observed","estimate","se","lower","upper","covered","se_difference","estimate_difference"
"Buena Vista",1,"mat",39,22.53333282,20.4031309865141,0.73773872184329,18.9559673516197,21.8502946214084,FALSE,-1.16628928736873e-12,-4.2632564145606e-13
"Ducke",1,"mat",120,26.97500038,23.390564518795,0.507658977778911,22.3947300996205,24.3863989379694,FALSE,-7.54285522930331e-13,-6.43041175862891e-13
"Hood River, OR",1,"mat",27,10.95833302,11.0153297674354,0.800939445885932,9.44419027655643,12.5864692583144,TRUE,-9.12381281636954e-13,-3.05533376376843e-13
"Ketchikan",1,"mat",24,7.320833206,10.0446970082272,0.980724486058287,8.12088743980995,11.9685065766444,FALSE,1.06292752377612e-12,-6.27053964308288e-13
"Margaret River",1,"mat",15,16.52499962,15.7573962017204,1.61631511793589,12.5867988181881,18.9279935852528,TRUE,1.7865708912268e-12,-4.2597037008818e-12
"Nagakubo",1,"mat",52,19.19166565,17.5694086116129,0.622772534277068,16.3477650435961,18.7910521796297,FALSE,-1.20148335724934e-12,-2.8066438062524e-13
"Portal, AZ",1,"mat",26,12.29166698,13.8326486527705,0.919531916903148,12.0288757019051,15.6364216036359,TRUE,-9.5901064867121e-13,-1.29141142224398e-12
"Three Lynx, OR",1,"mat",25,9.520833015,11.3557433434359,0.849415087373351,9.68951302505705,13.0219736618147,FALSE,6.3771210534469e-13,-4.29878355134861e-13
"Wolf Creek, CO",1,"mat",13,0.974999964,10.0406214664847,1.41242759799745,7.26997408656135,12.811268846408,FALSE,6.47926157171241e-13,-2.51887399826956e-12
"Yasuni-ridgetop and upper slope",1,"mat",124,25.09583282,23.6486837331208,0.491499602295908,22.6845478812971,24.6128195849445,FALSE,-2.30632180020507e-12,-7.99360577730113e-13
"Buena Vista",1,"log_map",39,5.38173897468711,5.12450868460489,0.0776999417326403,4.9720908613572,5.27692650785259,FALSE,8.29059043638836e-14,5.41788836017076e-14
"Ducke",1,"log_map",120,5.41030586849608,5.36680262025205,0.0508154846817975,5.26712190763161,5.46648333287249,TRUE,4.00825206359201e-13,4.9737991503207e-14
"Hood River, OR",1,"log_map",27,4.38077585277223,4.91119757630322,0.0900324904048529,4.73458796884309,5.08780718376334,FALSE,8.44879721739744e-14,3.81916720471054e-14
"Ketchikan",1,"log_map",24,5.86929691313377,5.00049440118344,0.102009241532081,4.80039094938205,5.20059785298482,FALSE,1.85990112200329e-13,4.52970994047064e-14
"Margaret River",1,"log_map",15,4.74232002413533,5.00619340657,0.150035076300602,4.71188147749255,5.30050533564745,TRUE,1.22374332889308e-13,9.2370555648813e-14
"Nagakubo",1,"log_map",52,5.7261960694931,5.30628055626418,0.0670051977417356,5.17484176547052,5.43771934705784,FALSE,3.14998027661773e-13,4.9737991503207e-14
"Portal, AZ",1,"log_map",26,3.8877303128591,4.78995745853633,0.0966992770725235,4.6002701435608,4.97964477351185,FALSE,1.21708199074533e-13,6.92779167366098e-14
"Three Lynx, OR",1,"log_map",25,5.25436547901885,4.92687144456476,0.0946305735408686,4.74124214150286,5.11250074762665,FALSE,6.8584027346219e-14,3.64153152077051e-14
"Wolf Creek, CO",1,"log_map",13,4.41279829334063,4.79720926085451,0.14404041409043,4.51465658596444,5.07976193574457,FALSE,9.41191569125976e-14,6.57252030578093e-14
"Yasuni-ridgetop and upper slope",1,"log_map",124,5.80934297031669,5.40737682282952,0.0493927874755762,5.31048690266629,5.50426674299275,FALSE,4.33937608068646e-13,4.2632564145606e-14
"Borinquen",2,"mat",41,25.17499924,21.919403840262,0.643560598939939,20.6571068888881,23.181700791636,FALSE,4.62108129539729e-12,-3.62376795237651e-13
"Cabo San Lucas, Baja Mexico",2,"mat",4,23.32083321,19.7554616302892,2.9375807409307,13.9936122880522,25.5173109725262,TRUE,-1.80744308408975e-13,-1.32160948851379e-11
"Clearwater, WA",2,"mat",18,9.699999809,10.6077042370003,0.926828937394483,8.78979719911555,12.425611274885,TRUE,6.59139409719955e-12,-4.12114786740858e-13
"Foxton Estuary",2,"mat",15,12.95416641,15.137677316917,1.17111040806224,12.8406300765261,17.4347245573079,TRUE,4.65361083001881e-12,-1.19904086659517e-12
"Hobart Wet Sclerophyll, Tasmania",2,"mat",16,11.29166698,17.8394216114389,1.15631035994549,15.571403580805,20.1074396420728,FALSE,2.90212298637016e-13,-1.4139800441626e-12
"Huyck Preserve, NY",2,"mat",24,7.616666794,11.1867668566172,0.856473325908576,9.50685719463925,12.8666765185952,FALSE,1.7972290322632e-12,-3.09618997107464e-12
"Kepong",2,"mat",18,27.47916603,23.0625239862355,1.14317330852789,20.8202733192062,25.3047746532648,FALSE,-2.22044604925031e-13,-3.19033688356285e-12
"Parque El Rey",2,"mat",27,19.32500076,18.8278582504948,0.847101946784379,17.1663298618858,20.4893866391037,TRUE,3.24396065565224e-12,2.73558953267639e-13
"Talkeetna",2,"mat",21,1.116666555,10.0374888245312,0.965138962602688,8.14443947975717,11.9305381693052,FALSE,2.94919644261427e-12,-3.03046476801683e-12
"West Head",2,"mat",18,16.70416641,20.2808316665724,1.07525236833801,18.171802946128,22.3898603870167,FALSE,4.11137790479188e-12,-1.27897692436818e-13
"Borinquen",2,"log_map",41,4.75100063419963,5.01077935051915,0.0703729342465682,4.87274799728682,5.14881070375147,FALSE,2.17131868041065e-13,-3.5527136788005e-15
"Cabo San Lucas, Baja Mexico",2,"log_map",4,3.19458313229916,4.61784893850407,0.285873502714847,4.05712901321662,5.17856886379153,FALSE,1.22346577313692e-13,2.93987056920741e-13
"Clearwater, WA",2,"log_map",18,5.73172184334544,5.08115031628226,0.102566624057086,4.87997339980658,5.28232723275795,FALSE,4.33472702177085e-13,-1.77635683940025e-14
"Foxton Estuary",2,"log_map",15,4.55282370561588,4.92161130951149,0.121373443796114,4.68354619437865,5.15967642464433,FALSE,1.60871316268185e-13,1.06581410364015e-14
"Hobart Wet Sclerophyll, Tasmania",2,"log_map",16,4.37197629882038,5.01927317805147,0.118544889202022,4.78675606546385,5.2517902906391,FALSE,1.87225235315225e-13,2.48689957516035e-14
"Huyck Preserve, NY",2,"log_map",24,4.61808641125464,4.94751212667757,0.0923767106347087,4.76632197861036,5.12870227474478,FALSE,3.16177639625437e-13,1.77635683940025e-14
"Kepong",2,"log_map",18,5.41832015894273,5.36969436476481,0.115563208514823,5.14302560033215,5.59636312919746,TRUE,1.1086964679663e-13,6.92779167366098e-14
"Parque El Rey",2,"log_map",27,4.1415461637064,5.00916983637318,0.0884493163426776,4.83568298439004,5.18265668835632,FALSE,3.07698311274862e-13,2.66453525910038e-15
"Talkeetna",2,"log_map",21,4.27249074760558,5.03472146970865,0.102231936931107,4.83420101750297,5.23524192191433,FALSE,3.77503583948169e-13,3.01980662698043e-14
"West Head",2,"log_map",18,4.85046654194343,5.20061220953808,0.110370482072618,4.98412859747197,5.41709582160418,FALSE,2.4535928844216e-13,6.21724893790088e-15
"Bandon, OR",3,"mat",21,11.47916698,11.7447806750632,0.926747943845402,9.92702830794012,13.5625330421863,TRUE,3.69515529285991e-12,4.09983158533578e-12
"Chamela",3,"mat",45,25.19583321,20.9446441441672,0.73282237354186,19.5072634485498,22.3820248397846,FALSE,4.12370138036522e-12,2.40518716054794e-12
"Half Moon Bay, CA",3,"mat",18,12.96666718,12.136547923729,1.0220293872409,10.1319075570961,14.1411882903619,TRUE,2.70583555561643e-12,4.00568467284756e-12
"Murrua Track",3,"mat",17,16.92083359,17.394685557936,1.09699556318704,15.2430041919836,19.5463669238883,TRUE,9.62785406954936e-13,2.75335310107039e-12
"Okataina",3,"mat",22,9.920833588,17.8516324777979,0.939197763329512,16.009460645827,19.6938043097688,FALSE,3.01370040034499e-12,3.22586402035085e-12
"Panther Wildlife Refuge, FL",3,"mat",17,23.32500076,20.2554766438494,1.09468342950355,18.1083303691311,22.4026229185677,FALSE,2.65454325187875e-12,4.46576109425223e-12
"Red Fleet, UT",3,"mat",17,7.645833015,12.0821325946727,1.09992964187556,9.924696235125,14.2395689542204,FALSE,8.35997937542743e-13,3.89910326248355e-12
"Robinson Falls",3,"mat",15,19.39999962,21.6320734985227,1.19501537755909,19.2881330066851,23.9760139903604,TRUE,9.68736202366927e-12,5.03064256918151e-12
"Suganuma, Honshu",3,"mat",16,3.191666603,9.69634036070106,1.0603783050526,7.6164812287159,11.7761994926862,FALSE,3.25339755136156e-12,2.08189021577709e-12
"Bandon, OR",3,"log_map",21,5.05751887999511,5.08013607976497,0.103196439723928,4.87772335920528,5.28254880032466,TRUE,-6.10483885665758e-14,-2.75335310107039e-14
"Chamela",3,"log_map",45,4.54542018158232,5.03750927705806,0.0754517273216279,4.88951590210293,5.1855026520132,FALSE,-5.7745475068316e-14,-3.5527136788005e-14
"Half Moon Bay, CA",3,"log_map",18,4.24563400976833,4.96223939279081,0.111711165085603,4.74312562392087,5.18135316166075,FALSE,-1.27342580924505e-13,-5.06261699229071e-14
"Murrua Track",3,"log_map",17,4.88507207112091,5.11327627811456,0.116529983248306,4.88471072876843,5.34184182746069,TRUE,-1.04000141831762e-13,-3.10862446895044e-14
"Okataina",3,"log_map",22,5.07267068501571,5.26413331706343,0.100778448918391,5.06646331920374,5.46180331492313,TRUE,-1.61620716809807e-13,-2.66453525910038e-14
"Panther Wildlife Refuge, FL",3,"log_map",17,4.87443367291585,5.16625505864719,0.115749105329862,4.93922114764363,5.39328896965076,FALSE,-7.51898543427387e-14,-5.6843418860808e-14
"Red Fleet, UT",3,"log_map",17,3.24259235148552,4.80124749111938,0.117573989471216,4.57063419535462,5.03186078688415,FALSE,-7.40379979546901e-14,-5.77315972805081e-14
"Robinson Falls",3,"log_map",15,5.6753830001345,5.55770754347596,0.125786288268185,5.31098638831226,5.80442869863965,TRUE,-7.17481629664007e-14,-6.48370246381091e-14
"Suganuma, Honshu",3,"log_map",16,5.31222027171703,5.05299019372565,0.117444127672116,4.8226316129503,5.28334877450099,FALSE,-8.86790640919344e-14,3.81916720471054e-14
"Alamos",4,"mat",10,23.49166679,19.9355821465888,1.55458100548489,16.8864253785257,22.9847389146518,FALSE,-3.26849658449646e-13,-7.03792579770379e-12
"Cape Blanco, OR",4,"mat",19,11.48750019,10.8487559694501,0.905974706112677,9.07177625781661,12.6257356810836,TRUE,-9.68702895676188e-12,-7.123190925995e-13
"Cockaponset Forest, CT",4,"mat",26,9.9375,12.4062972970398,0.833867757236126,10.7707482283999,14.0418463656797,FALSE,-8.69004868064849e-12,-2.97717406283482e-12
"Homer",4,"mat",13,3.283333302,8.00236135743694,1.12180968783903,5.80204269273912,10.2026800221348,FALSE,-4.79571937717083e-12,-1.38022926421399e-12
"Kaimanawa Mountains",4,"mat",32,7.729166508,12.0892772854834,0.85855126379657,10.4053139619268,13.7732406090401,FALSE,-1.46532785905151e-11,-1.95932159385848e-12
"Monte Guilarte",4,"mat",33,20.09166718,20.9877149088002,0.714988080342488,19.5853365595416,22.3900932580588,TRUE,-1.06430420032666e-11,-1.3855583347322e-12
"Pasoh",4,"mat",24,25.29166603,23.1787018571575,1.00449317945878,21.2084879115261,25.1489158027888,FALSE,-3.7470027081099e-12,-3.11928260998684e-12
"Pee Dee, SC",4,"mat",26,17.19583321,15.5135160492618,0.81423277288852,13.9164790589266,17.110553039597,FALSE,-1.19240173290791e-11,-1.4050982599656e-12
"SERC, MD",4,"mat",25,13.20833302,14.2965615051242,0.770625281348054,12.7850562931266,15.8080667171219,TRUE,-8.37452329705002e-12,-9.59232693276135e-13
"Alamos",4,"log_map",10,4.1026433650368,4.69219225805378,0.160773549328305,4.37685085459503,5.00753366151253,FALSE,-3.60822483003176e-14,2.44249065417534e-13
"Cape Blanco, OR",4,"log_map",19,5.26476058301919,5.06320910335704,0.104496523202524,4.85824951627997,5.2681686904341,TRUE,-2.6345592374355e-13,5.32907051820075e-15
"Cockaponset Forest, CT",4,"log_map",26,4.8354879410503,4.99563241918165,0.0922733625813091,4.81464735180076,5.17661748656255,TRUE,-3.45667938717042e-13,1.34114941374719e-13
"Homer",4,"log_map",13,4.23265617801961,4.90908285127794,0.127810547616059,4.65839511296237,5.15977058959351,FALSE,1.05748743095546e-14,7.99360577730113e-14
"Kaimanawa Mountains",4,"log_map",32,5.12455904041457,4.98822621908302,0.0925678065296425,4.80666362904187,5.16978880912417,TRUE,8.83043638211234e-14,5.06261699229071e-14
"Monte Guilarte",4,"log_map",33,5.33897934826693,5.28071326784709,0.0796337339219059,5.1245195809968,5.43690695469738,TRUE,-3.57977536502574e-13,2.04281036531029e-14
"Pasoh",4,"log_map",24,5.31566600488265,5.36528854142355,0.103341073040785,5.16259525547096,5.56798182737614,TRUE,-4.53040382986103e-13,1.30562227695918e-13
"Pee Dee, SC",4,"log_map",26,4.81380905109942,5.03511781253744,0.0907548856159639,4.85711108742349,5.21312453765138,FALSE,-1.28980159885828e-13,5.59552404411079e-14
"SERC, MD",4,"log_map",25,4.70682383971459,4.97034723294434,0.089624541199075,4.79455756652135,5.14613689936733,FALSE,-4.28851398837082e-13,3.10862446895044e-14
"CT-Swamp",5,"mat",9,9.9375,11.642308934385,1.64937998781862,8.4070989597214,14.8775189090486,TRUE,5.3499427110637e-12,-2.40696351738734e-12
"Dilcher's Woods lowland, FL",5,"mat",24,20.36249924,15.6909254318549,0.789846251134919,14.1416654135483,17.2401854501615,FALSE,1.8908208332391e-12,-2.20090612401691e-12
"Frodsham, Tasmania",5,"mat",19,8.095833778,12.4932120121215,1.0530248300277,10.4277350093481,14.5586890148949,FALSE,5.01820807130571e-12,-2.17426077142591e-12
"Gorgona",5,"mat",41,25.29999924,22.8206547106372,0.768676832495585,21.3129178797378,24.3283915415366,FALSE,6.76547706746078e-12,-2.61834998127597e-12
"Government Camp, OR",5,"mat",22,4.995833397,9.97034735116935,0.891299698408839,8.22208940211994,11.7186053002188,FALSE,2.22066809385524e-12,-2.76756395578559e-12
"Noah Creek",5,"mat",82,23.6875,21.5012249958428,0.547833408142167,20.42666599818,22.5757839935056,FALSE,1.61790580932575e-11,-2.39097630583274e-12
"Round Hill mallee",5,"mat",18,17.35833359,18.0203479297018,1.1436045972563,15.7772013974052,20.2634944619984,TRUE,1.27253763082535e-12,-2.60058641288197e-12
"Yakusugi (1080m)",5,"mat",26,13.67083359,13.5927856110149,0.775178928393807,12.0722951116695,15.1132761103604,TRUE,5.01754193749093e-12,-2.8688162956314e-12
"York, PA",5,"mat",55,11.59166718,12.2732414731261,0.538537284451593,11.2169165466364,13.3295663996158,TRUE,7.01583235951375e-12,-2.41939801526314e-12
"CT-Swamp",5,"log_map",9,4.8194747886351,4.97638313975791,0.162547327067474,4.65755137402326,5.29521490549255,TRUE,3.3806291099836e-14,6.66133814775094e-14
"Dilcher's Woods lowland, FL",5,"log_map",24,4.87137322676275,4.98814468825953,0.0895941722072773,4.81240837416731,5.16388100235175,TRUE,8.94145868457485e-14,2.75335310107039e-14
"Frodsham, Tasmania",5,"log_map",19,5.24174701505964,5.00828563176235,0.108498534284166,4.79546897159615,5.22110229192854,FALSE,1.84616211207356e-13,3.5527136788005e-14
"Gorgona",5,"log_map",41,6.16120732169508,5.28950482814295,0.0753091853812856,5.14178809244304,5.43722156384286,FALSE,1.74721348500384e-13,2.93098878501041e-14
"Government Camp, OR",5,"log_map",22,5.3831179682405,4.97552854983919,0.0968779228836995,4.78550537461409,5.16555172506429,FALSE,1.88585258520391e-13,4.08562073062058e-14
"Noah Creek",5,"log_map",82,5.72162239278453,5.37176579418574,0.0539110784773692,5.26602081114789,5.4775107772236,FALSE,2.00298111430186e-13,2.30926389122033e-14
"Round Hill mallee",5,"log_map",18,3.72569342723665,4.83569967468947,0.114053774688743,4.61198657507253,5.05941277430642,FALSE,7.48012762841199e-14,3.46389583683049e-14
"Yakusugi (1080m)",5,"log_map",26,5.8188952817567,5.26982379423713,0.0879968398218273,5.09722060028971,5.44242698818455,FALSE,4.60464999463284e-14,4.08562073062058e-14
"York, PA",5,"log_map",55,4.67749084756772,4.94662786307301,0.0609597539454657,4.82705711195808,5.06619861418794,FALSE,1.42788558754603e-13,3.19744231092045e-14
"CT-River",6,"mat",13,10.14999962,15.2224201329843,1.31239245126599,12.6482865123666,17.796553753602,FALSE,1.69975145070111e-12,-1.86695103820966e-12
"Dilcher's Woods upland, FL",6,"mat",22,20.36249924,16.3447572869203,0.834228343195012,14.7084973225941,17.9810172512465,FALSE,-1.53266288549503e-12,-1.67688085639384e-12
"Empalme",6,"mat",11,23.82916641,17.7469772245105,1.90380469863931,14.0128444373781,21.4811100116429,FALSE,-2.56550336530381e-12,-3.36797256750287e-12
"Hubbard Brook, NH",6,"mat",15,5.379166603,11.8938571244564,1.01086664146708,9.91113785077334,13.8765763981396,FALSE,-6.61914967281518e-13,-8.5442763975152e-13
"Los Queles",6,"mat",30,11.6208334,14.6098971854267,0.827996029726388,12.9858613142963,16.233933056557,FALSE,-3.10595993369134e-12,-1.74082970261225e-12
"Mt. Read, Tasmania",6,"mat",23,8.220832825,11.9755757075615,1.00604713477901,10.0023094402475,13.9488419748755,FALSE,-8.71147598502375e-12,-1.28252963804698e-12
"Round Hill woodland",6,"mat",20,17.41666603,18.2377042330168,1.03136629443879,16.2147768296126,20.260631636421,TRUE,-5.92059734572103e-12,-1.21858079182857e-12
"Santa Cruz, CA",6,"mat",19,14.19999981,12.146602992915,1.00897137594233,10.1676011032374,14.1256048825926,FALSE,-5.14921438821148e-12,-2.39630537635094e-12
"Seqaqa",6,"mat",28,25.32083321,23.2601942151407,0.815033138172277,21.6615838293046,24.8588046009769,FALSE,-5.9482418990342e-12,-1.47792889038101e-12
"CT-River",6,"log_map",13,4.79579054559674,5.04981107201858,0.130965555268848,4.79293452671751,5.30668761731964,TRUE,-2.99760216648792e-15,-1.03028696685215e-13
"Dilcher's Woods upland, FL",6,"log_map",22,4.87137322676275,4.9716980258439,0.0921875414467641,4.79088088565745,5.15251516603035,TRUE,-7.6438855245442e-14,2.57571741713036e-14
"Empalme",6,"log_map",11,3.88156379794344,4.66004996164951,0.169078727067735,4.32841803595803,4.99168188734099,FALSE,-3.45279360658424e-14,-2.20268248085631e-13
"Hubbard Brook, NH",6,"log_map",15,4.69043002993891,5.00369381781207,0.112200051925259,4.78362403181379,5.22376360381034,FALSE,-1.90125692967058e-15,2.57571741713036e-14
"Los Queles",6,"log_map",30,4.49980967033027,4.997438108803,0.0852132220255062,4.8303004362833,5.16457578132269,FALSE,5.66074964680752e-14,-3.46389583683049e-14
"Mt. Read, Tasmania",6,"log_map",23,5.57367378930918,5.01730800933745,0.102310618988607,4.81663541035173,5.21798060832316,FALSE,-4.07451850037432e-14,4.61852778244065e-14
"Round Hill woodland",6,"log_map",20,3.70376806660769,4.89149311515209,0.104916815633848,4.68570870803308,5.0972775222711,FALSE,-7.4648620618234e-14,-1.15463194561016e-14
"Santa Cruz, CA",6,"log_map",19,4.25844557290253,4.97791301262852,0.105248302571747,4.77147842524459,5.18434760001245,FALSE,-1.31838984174237e-14,-6.92779167366098e-14
"Seqaqa",6,"log_map",28,5.50125821054473,5.47951325565873,0.0846877255861226,5.31340629468483,5.64562021663264,TRUE,1.86101134502792e-14,-5.32907051820075e-15
"CT-Upland",7,"mat",13,10.14999962,12.4071678954393,1.29775884980624,9.861746873076,14.9525889178027,TRUE,7.51110285079903e-12,-1.45838896514761e-12
"Guajataca",7,"mat",38,23.96249962,22.1448969853322,0.740927327125681,20.6916439446839,23.5981500259806,FALSE,1.17602594329469e-11,-6.64357457935694e-13
"Guanica",7,"mat",33,25.97916603,22.2410046869644,0.749188945232471,20.7715473288415,23.7104620450874,FALSE,1.11540776615016e-11,-5.50670620214078e-13
"North Bend, OR",7,"mat",22,11.6208334,12.0564060066315,1.10173851070715,9.89545879620028,14.2173532170628,TRUE,8.38862312946276e-12,-1.07647224467655e-12
"Parkdale, OR",7,"mat",27,8.912500381,10.9557145295366,0.789913098759629,9.40638091665224,12.5050481424209,FALSE,9.29933907656277e-12,-5.15143483426073e-13
"Placerville, CA",7,"mat",20,14.34999943,13.13159617008,0.981750412029513,11.2059933218568,15.0571990183032,TRUE,9.48774392384166e-12,-1.01252339845814e-12
"Republic, WA",7,"mat",21,6.479166508,10.687474884901,0.867010345547598,8.98692292141962,12.3880268483824,FALSE,8.42059755257196e-12,-5.82645043323282e-13
"Wiliwili Nui Ridge trail",7,"mat",24,20.72083282,18.4758689395007,0.975999421875378,16.5615460692487,20.3901918097528,FALSE,1.65161218035337e-11,-1.26831878333178e-12
"Yakusugi (260m)",7,"mat",39,17.95416641,18.7017385169053,0.671933163751127,17.3838104589379,20.0196665748728,TRUE,1.81630266382626e-11,-6.53699316899292e-13
"CT-Upland",7,"log_map",13,4.79579054559674,4.98153825721269,0.133692143843595,4.71931481445588,5.2437616999695,TRUE,-1.56041846111066e-13,-5.15143483426073e-14
"Guajataca",7,"log_map",38,5.29681624042177,5.26527582550658,0.0762506941205616,5.11571790123332,5.41483374977984,TRUE,3.84831055910695e-14,1.15463194561016e-14
"Guanica",7,"log_map",33,4.42723897749543,5.00268233931205,0.0809439540825091,4.84391906647011,5.16144561215399,FALSE,-2.1690982343614e-14,5.15143483426073e-14
"North Bend, OR",7,"log_map",22,5.0962011824259,5.10609621656016,0.109705145314259,4.8909208138372,5.32127161928311,TRUE,-5.60385071679548e-14,-7.37188088351104e-14
"Parkdale, OR",7,"log_map",27,4.70772677431318,4.97818226948336,0.0886116267687548,4.80437964225668,5.15198489671004,FALSE,-2.32133756661312e-13,5.95079541199084e-14
"Placerville, CA",7,"log_map",20,4.68859179412716,4.86722965244667,0.104153909269032,4.66294243047604,5.0715168744173,TRUE,-9.68253255351215e-14,7.105427357601e-15
"Republic, WA",7,"log_map",21,3.68887945411394,4.9435828093161,0.0979321474657672,4.75149893567365,5.13566668295855,FALSE,-1.56485935320916e-13,6.92779167366098e-14
"Wiliwili Nui Ridge trail",7,"log_map",24,6.14568665295577,5.30875296319633,0.0989941441112464,5.11458609194035,5.50291983445231,FALSE,2.69978484013222e-13,4.08562073062058e-14
"Yakusugi (260m)",7,"log_map",39,5.72489143786644,5.34855419864184,0.0734998425767729,5.20439178783398,5.49271660944971,FALSE,4.66571226098722e-14,5.41788836017076e-14
"Allegheny National Forest, PA",8,"mat",47,6.575000286,12.2786467411409,0.60038419236757,11.1010515279825,13.4562419542993,FALSE,-7.06568137331942e-12,-8.11795075605914e-13
"Cabo Rojo",8,"mat",30,26.21666718,21.8787043673828,0.778155977591462,20.3524270836843,23.4049816510814,FALSE,-8.7753138089397e-12,-1.25410792861658e-12
"Childs, AZ",8,"mat",16,17.96666718,14.1876675161809,1.38121871885401,11.4785413061232,16.8967937262386,FALSE,-3.40327765968595e-12,-4.89208673570829e-12
"Cordillera Pelada",8,"mat",30,8.958333015,13.652731251811,0.814520993100367,12.0551275262539,15.2503349773682,FALSE,-9.59854418169925e-12,-2.66808797277918e-12
"Hawk Mountain, PA",8,"mat",24,10.23750019,13.0317591513204,0.789104096417944,11.4840081971171,14.5795101055237,FALSE,-7.72637509527385e-12,-9.09494701772928e-13
"Keka",8,"mat",32,24.46666718,22.9121529983604,0.773179545088853,21.3956365031173,24.4286694936035,FALSE,-8.626321879035e-12,-7.88702436693711e-13
"Powers, OR",8,"mat",25,11.98750019,12.6296650369539,0.805797898462968,11.0491708133116,14.2101592605962,TRUE,-7.9809492348204e-12,-9.98312543742941e-13
"San Bartolo",8,"mat",8,20.80416679,18.3679880670216,2.37499189341885,13.7096724075915,23.0263037264516,TRUE,-3.58735263716881e-12,-1.8307133586859e-11
"Yakusugi (800m)",8,"mat",32,14.71249962,15.0787946923446,0.73505459332659,13.6370565827883,16.5205328019009,TRUE,-1.91696658546903e-11,-8.13571432445315e-13
"Allegheny National Forest, PA",8,"log_map",47,4.75013595623828,4.976587125988,0.0685615711328276,4.84211027100244,5.11106398097356,FALSE,-1.1804446309327e-13,0
"Cabo Rojo",8,"log_map",30,4.6615505194242,4.99920911234306,0.0854264046568396,4.83165352630318,5.16676469838294,FALSE,-2.77972089790524e-14,-2.75335310107039e-14
"Childs, AZ",8,"log_map",16,3.83514196109219,4.95181295894,0.146575365669778,4.66431963187718,5.23930628600282,FALSE,-1.99840144432528e-15,1.95399252334028e-13
"Cordillera Pelada",8,"log_map",30,5.18906038061109,4.94620539836374,0.0881420533460561,4.77332333148426,5.11908746524322,FALSE,-4.06480404890885e-14,9.05941988094128e-14
"Hawk Mountain, PA",8,"log_map",24,4.73882657080077,5.02086759963265,0.0914924125265752,4.84141412900288,5.20032107026242,FALSE,-1.97911131927242e-13,-7.105427357601e-15
"Keka",8,"log_map",32,5.69776440233064,5.36935936733419,0.0826777341707962,5.2071950311774,5.53152370349097,FALSE,-4.70595784562988e-14,-2.30926389122033e-14
"Powers, OR",8,"log_map",25,5.06132840841177,4.92647669137218,0.0926401796648514,4.74477198710729,5.10818139563708,TRUE,-6.72933930800923e-14,-3.64153152077051e-14
"San Bartolo",8,"log_map",8,3.79997350161952,4.71402346321658,0.217869960090634,4.2866927217425,5.14135420469066,FALSE,2.21767049168875e-14,7.72715225139109e-13
"Yakusugi (800m)",8,"log_map",32,5.79087718150713,5.32211427502044,0.0841091478884836,5.15714236004425,5.48708618999663,FALSE,-2.50771625687207e-13,-3.01980662698043e-14
"Barro Colorado Island",9,"mat",134,26.39583397,23.3019442233711,0.41353889571624,22.4907424686626,24.1131459780796,FALSE,-2.31553665130946e-12,-2.48689957516035e-14
"Chuzenji-ko",9,"mat",44,6.700000286,12.9121316087386,0.747816762033944,11.445207273818,14.3790559436593,FALSE,-3.49220652395843e-12,1.33226762955019e-13
"Danum Valley Field Center, Borneo",9,"mat",85,24.77499962,24.4192224050971,0.582318336845046,23.2769413245485,25.5615034856458,TRUE,-1.05615516332591e-12,-5.32907051820075e-14
"Duke Forest, NC",9,"mat",27,15.47916698,15.7907068516155,0.754468656931087,14.3107340976257,17.2706796056053,TRUE,-2.29294361275834e-12,4.19220214098459e-13
"IES, NY",9,"mat",30,9.191666603,12.6764719076001,0.707461206951329,11.2887094059057,14.0642344092945,FALSE,-4.97224483808623e-12,1.03028696685215e-13
"Nahuelbuta",9,"mat",36,10.28333378,13.3735229762911,0.755620699623846,11.8912903646107,14.8557555879716,FALSE,-1.38655753545436e-12,1.24344978758018e-14
"Nuri, Sonora",9,"mat",11,22.13333321,20.0605327973439,1.85042158590139,16.4307285564782,23.6903370382096,TRUE,-1.56497037551162e-12,-2.40163444686914e-12
"Toro Negro",9,"mat",42,18.68333435,19.749303055887,0.695999296953756,18.3840243437434,21.1145817680307,TRUE,-1.44217970898808e-13,4.47641923528863e-13
"Yakasugi (1350m)",9,"mat",17,12.07083321,13.2633164671014,0.936439748418512,11.426387522896,15.1002454113068,TRUE,1.43551837084033e-13,7.8337336617551e-13
"Barro Colorado Island",9,"log_map",134,5.51985963649527,5.34569178444387,0.0456830657963993,5.25607945651443,5.43530411237331,FALSE,-2.97893654188641e-13,2.04281036531029e-14
"Chuzenji-ko",9,"log_map",44,5.27811465923052,5.0745419242872,0.0845090015707951,4.90876827863252,5.24031556994189,FALSE,-3.97348820513344e-13,2.22044604925031e-14
"Danum Valley Field Center, Borneo",9,"log_map",85,5.4049271016063,5.52442485427124,0.0631016131903857,5.40064414131963,5.64820556722286,TRUE,-1.65575886335034e-13,1.4210854715202e-14
"Duke Forest, NC",9,"log_map",27,4.73532087045314,4.96092556840011,0.0906921070624201,4.7830230853463,5.13882805145391,FALSE,-5.04443709026248e-13,2.75335310107039e-14
"IES, NY",9,"log_map",30,4.716711560721,4.8798513194872,0.0866944226285851,4.70979073150322,5.04991190747118,TRUE,-2.89282486853892e-13,3.28626015289046e-14
"Nahuelbuta",9,"log_map",36,4.95300618125962,4.91113167409523,0.0858305900764456,4.74276558810207,5.0794977600884,TRUE,-2.62734278777543e-13,1.33226762955019e-14
"Nuri, Sonora",9,"log_map",11,4.21950770517611,4.62529730211531,0.186408863593706,4.25963593674717,4.99095866748345,FALSE,1.24344978758018e-14,5.15143483426073e-14
"Toro Negro",9,"log_map",42,5.2786247332023,5.25172980513026,0.0776225935586896,5.09946460165823,5.4039950086023,TRUE,-4.82419659775246e-13,1.33226762955019e-14
"Yakasugi (1350m)",9,"log_map",17,5.83276185591266,5.29953107995026,0.114379584354945,5.07516302051812,5.52389913938239,FALSE,-4.67265115489113e-13,2.57571741713036e-14
"Alcornocales Natural Park",10,"mat",21,16.12916756,17.5835977272774,0.993718212105326,15.634471368833,19.5327240857218,TRUE,5.62583313268306e-12,-3.12638803734444e-13
"Archbold, FL",10,"mat",17,22.4375,17.5195140224383,0.980489557893928,15.5963349781279,19.4426930667487,FALSE,5.16564568897593e-12,-5.82645043323282e-13
"Big Hammock, GA",10,"mat",25,19.07916641,15.056654678286,0.791429163197193,13.504307721133,16.609001635439,FALSE,1.16717746578843e-11,-8.95283847057726e-13
"Gouland Downs",10,"mat",23,9.470833778,11.2914920403629,0.961434682766464,9.40568813813541,13.1772959425904,TRUE,-1.68065561467756e-12,9.05941988094128e-14
"Harvard Forest, MA",10,"mat",27,7.199999809,11.9689466648965,0.759724261625592,10.478787215824,13.459106113969,FALSE,1.08706377233148e-11,-8.93507490218326e-13
"Los Ruiles",10,"mat",36,12.13333321,14.3858711198097,0.77408396073818,12.8675458711185,15.904196368501,FALSE,3.52751161614151e-12,1.04627417840675e-12
"Nestucca River, OR",10,"mat",15,10.32499981,10.8119389894203,1.0369428034304,8.77802985326457,12.8458481255761,TRUE,9.32942612053012e-12,-4.9737991503207e-14
"Tanjung Tuan",10,"mat",17,26.72083282,23.2686820355698,1.18351616682997,20.9472769045055,25.5900871666341,FALSE,5.85309578582383e-13,2.56861198977276e-12
"Yasuni-valley bottom",10,"mat",54,25.08749962,24.3670501878606,0.674437893977721,23.0441754933326,25.6899248823885,TRUE,9.62852020336413e-12,4.72510919280467e-13
"Alcornocales Natural Park",10,"log_map",21,4.36182392735636,5.04438468127522,0.101073073799881,4.84613512735493,5.2426342351955,FALSE,2.901845430614e-13,-1.77635683940025e-15
"Archbold, FL",10,"log_map",17,4.82269799851667,5.03119194636841,0.106559193211465,4.82218165583243,5.2402022369044,TRUE,1.5169809852722e-13,-7.105427357601e-15
"Big Hammock, GA",10,"log_map",25,4.78582368568135,4.89489116755962,0.0881893820664619,4.72191230189458,5.06787003322465,TRUE,2.58404408981505e-13,-4.44089209850063e-15
"Gouland Downs",10,"log_map",23,5.64721212316781,4.84345964850888,0.101224165501671,4.64491373610898,5.04200556090877,FALSE,2.72004641033163e-13,-4.44089209850063e-15
"Harvard Forest, MA",10,"log_map",27,4.70501552095781,5.03149827801687,0.0850356111844709,4.86470536917511,5.19829118685863,FALSE,3.83096332434718e-13,-7.105427357601e-15
"Los Ruiles",10,"log_map",36,4.45782959808938,5.01031629708947,0.0795487436840669,4.85428559220055,5.16634700197839,FALSE,2.88311041707345e-13,7.99360577730113e-15
"Nestucca River, OR",10,"log_map",15,5.51181454081044,5.1043109277861,0.115279107935279,4.87819698007192,5.33042487550028,FALSE,1.5899781491413e-13,-9.76996261670138e-15
"Tanjung Tuan",10,"log_map",17,5.38495367320758,5.43102305073506,0.116496991713739,5.20252028761506,5.65952581385505,TRUE,2.30218621943834e-13,-1.4210854715202e-14
"Yasuni-valley bottom",10,"log_map",54,5.81054201122774,5.45836749357503,0.0665876445343367,5.32775930754447,5.58897567960558,FALSE,4.58605375897037e-13,1.50990331349021e-14
