"Site","evergreen","n.percent","c.percent","c.n.ratio","leaf.thickness.mm","leaf.mass.g","petiole.width.cm","pw2.a.ratio","petiole.area.cm2","blade.area.cm2","perimeter.cm","shape.factor","major.length.cm","internal.perimeter.cm","tooth.area.cm2","primary.teeth.number","secondary.teeth.number","teeth.number","leaf.area.cm2","ln.leaf.area.mm2","leaf.mass.per.area.g.per.m2","compact","feret.diam.ratio","perim.area.cm2","perim.ratio","teeth.perimeter.percm","teeth.interior.percm","avt.tooth.area","tooth.area.blade.area.ratio","tooth.area.perimeter","tooth.area.interior","teeth.blade.area.ratio","margin.score","site.info","latitude","longitude","mat","map","gsmt","gsp","gdd","gsdd","gsl","cmmt","wmmt","mart"
"Alamos",0,NA,NA,NA,NA,0.101,0.0924848484848485,0.0036969696969697,0.1435,13.2724,16.0483428571429,0.514142857142857,5.29665714285714,22.3499285714286,0.196742857142857,13.6571428571429,0,13.6571428571429,13.3951714285714,6.01437142857143,80.8486129032258,28.4135142857143,0.6388,5.96877142857143,1.05182857142857,0.6502,0.7438,0.0109428571428571,0.0132571428571429,0.00725714285714286,0.00831428571428571,1.36514285714286,0.628571428571429,NA,27.1,-109,23.2,68.9,25.2,56.7,4829,2340,154,16.7,29,12.3
"Alcornocales Natural Park",0.619047619047619,NA,NA,NA,NA,NA,0.1886,0.0024,0.430666666666667,39.6579523809524,28.124380952381,0.492904761904762,9.20080952380952,33.7530909090909,1.21647619047619,14.2142857142857,2,15.1666666666667,40.088619047619,7.50319047619048,NA,28.5566666666667,0.623857142857143,1.47842857142857,1.03052380952381,0.620761904761905,0.656238095238095,0.0636666666666667,0.0248571428571429,0.0260952380952381,0.0282380952380952,0.784380952380952,0.452380952380952,NA,36.2,-5.3,17.8,72.3,15.4,69.4,2863,1323,243,12.9,24,11.1
"Allegheny National Forest, PA",0.0425531914893617,NA,NA,NA,NA,NA,0.110488372093023,0.000302325581395349,NA,44.1574893617021,34.3118085106383,0.388042553191489,10.8102127659574,29.2439714285714,1.47991489361702,43.1489361702128,9.44827586206896,48.9787234042553,44.1574893617021,7.8871914893617,NA,37.3858085106383,0.606127659574468,1.33597872340426,1.17353191489362,1.65163829787234,2.06721276595745,0.0717234042553192,0.0341914893617021,0.0349148936170213,0.0434255319148936,2.61274468085106,0.25531914893617,NA,41.9,-78.7,6.1,116.2,13.9,64.6,787,787,184,-7.3,18.1,25.4
"Archbold, FL",0.588235294117647,1.44764705882353,46.8470588235294,33.2823529411765,0.222,0.153588235294118,0.1174,0.00146666666666667,0.114714285714286,13.537,17.1868235294118,0.536882352941176,6.62447058823529,18.8136666666667,0.0834117647058824,10.3823529411765,0,10.4058823529412,13.6313529411765,6.91711764705882,120.312235294118,25.8331764705882,0.597705882352941,1.71982352941176,1.02082352941176,0.515882352941177,0.553882352941176,0.00305882352941176,0.00635294117647059,0.00376470588235294,0.004,1.02270588235294,0.676470588235294,NA,27.2,-81.4,22.3,125.3,22.3,125.3,4483,4483,365,16,27.4,11.4
"Bandon, OR",0.259259259259259,NA,NA,NA,NA,0.171666666666667,0.1865,0.00269230769230769,0.175571428571429,19.6407037037037,22.1277407407407,0.505740740740741,7.30192592592593,21.1128,0.543444444444444,41.1666666666667,2.09375,42.4074074074074,19.7774814814815,7.25466666666667,87.1811111111111,28.8606666666667,0.655444444444444,1.52074074074074,1.12466666666667,1.72311111111111,2.00211111111111,0.0113333333333333,0.028,0.0198888888888889,0.0245925925925926,2.70233333333333,0.259259259259259,NA,43.1,-124.4,11.2,158.5,9.4,146.1,652,113,243,7.6,15,7.5
"Barro Colorado Island",0.868852459016394,NA,NA,NA,NA,0.461960784313726,0.15247,0.00063,NA,66.733,36.2793358208955,0.549022388059701,14.3177313432836,30.3657142857143,0.0733059701492537,5.03731343283582,0.370689655172414,5.35820895522388,66.733,8.31977611940298,66.7761078431373,25.1003208955224,0.578723880597015,0.928679104477612,1.00514925373134,0.181686567164179,0.190559701492537,0.00333582089552239,0.00194776119402985,0.00226119402985075,0.0023955223880597,0.163111940298507,0.843283582089552,NA,9.2,-79.9,26.5,262.4,26.6,248,6059,4557,275,25.7,28,2.3
"Big Hammock, GA",0.0384615384615385,1.7664,45.724,28.4,0.102884615384615,0.132538461538462,0.09228,6e-04,0.113478260869565,25.2595,24.2412307692308,0.470346153846154,7.82403846153846,22.6502631578947,0.743269230769231,26.8974615384615,3.802125,29.1025,25.3626538461538,7.29369230769231,58.776,33.9916153846154,0.636961538461538,1.63419230769231,1.10326923076923,1.42226923076923,1.63865384615385,0.0346923076923077,0.0345384615384615,0.0261923076923077,0.0310769230769231,2.65823076923077,0.269230769230769,NA,31.9,-82.1,19,120.2,19,120.2,3326,3326,365,9.7,27.5,17.8
"Borinquen",0.736842105263158,NA,NA,NA,NA,0.144317073170732,0.111305555555556,0.00236111111111111,0.075078947368421,10.2202682926829,12.9364390243902,0.613512195121951,5.01636585365854,10.6995714285714,0.0208536585365854,4.5609756097561,0,4.5609756097561,10.2883170731707,6.33321951219512,140.934926829268,22.5771463414634,0.672560975609756,2.36165853658537,1.02173170731707,0.390463414634146,0.426317073170732,0.00124390243902439,0.00439024390243902,0.00165853658536585,0.00185365853658537,1.10041463414634,0.829268292682927,NA,18,-66.9,25.2,126.8,25.3,123.2,5519,5105,334,23.4,26.4,3.1
"Buena Vista",0.864864864864865,NA,NA,NA,NA,0.361923076923077,0.152461538461538,0.00274358974358974,0.120305555555556,15.8535384615385,15.8007948717949,0.617615384615385,6.19820512820513,10.9612857142857,0.0321025641025641,4.91025641025641,0,4.91025641025641,15.9671282051282,6.76346153846154,200.322025641026,22.3178205128205,0.64025641025641,1.88215384615385,1.01220512820513,0.448487179487179,0.50225641025641,0.00158974358974359,0.00453846153846154,0.00258974358974359,0.00282051282051282,0.908,0.82051282051282,NA,18.3,-67,22.1,248.7,22.2,241.8,4402,4112,337,20.3,23.5,3.2
"Cabo Rojo",0.625,NA,NA,NA,NA,0.268066666666667,0.133379310344828,0.00337931034482759,0.104642857142857,17.2701,13.9535666666667,0.6561,4.96703333333333,9.131,0.0165333333333333,2.96666666666667,0.0740740740740741,3,17.3506333333333,6.33813333333333,145.425833333333,20.8435666666667,0.697366666666667,2.64733333333333,1.01646666666667,0.431933333333333,0.516533333333333,0.000866666666666667,0.00613333333333333,0.00183333333333333,0.00213333333333333,1.61873333333333,0.866666666666667,NA,17.9,-67.2,25.9,100.8,26.1,97.9,5808,5412,337,24.1,27.3,3.2
"Cabo San Lucas, Baja Mexico",NA,NA,NA,NA,NA,0.048,0.0764848484848485,0.00554545454545455,0.0676666666666667,3.73263157894737,8.23505263157895,0.561078947368421,2.55484210526316,15.1565555555556,0.0761052631578948,5.1578947368421,0.242857142857143,5.38157894736842,3.78826315789474,4.66618421052632,138.890566666667,38.2442105263158,0.649421052631579,7.31442105263158,1.02971052631579,0.498552631578947,0.572578947368421,0.00473684210526316,0.0214736842105263,0.0055,0.00642105263157895,1.78831578947368,0.776315789473684,NA,22.9,-109.9,24.2,18.9,25.5,17.6,5121,2864,185,19.4,28.8,9.5
"Cape Blanco, OR",0.291666666666667,NA,NA,NA,NA,0.158333333333333,0.139954545454545,0.00140909090909091,0.157791666666667,20.8169166666667,23.50575,0.453625,7.10341666666667,20.1396470588235,0.334416666666667,44.0416666666667,2.5,44.9583333333333,20.97425,7.24725,84.5987083333333,32.1025416666667,0.658166666666667,1.680125,1.14720833333333,1.6745,2.079875,0.006,0.0179583333333333,0.011625,0.014875,2.65441666666667,0.3125,NA,42.8,-124.5,11.2,191.7,9.4,176.9,642,107,243,7.8,15.1,7.3
"Chamela",0.166666666666667,NA,NA,NA,NA,NA,0.08532,0.00142,NA,14.0677884615385,15.4265576923077,0.608769230769231,5.57586538461538,16.6825,0.101615384615385,4.75640384615385,0.13953488372093,4.89101923076923,14.0677884615385,6.46692307692308,NA,22.6320769230769,0.664884615384615,2.85171153846154,1.02296153846154,0.253480769230769,0.292923076923077,0.00707692307692308,0.00915384615384615,0.00536538461538461,0.00632692307692308,0.441653846153846,0.798076923076923,0.816326530612245,19.5,-105.1,26.3,78.2,27.9,68.9,5919,2733,153,23.7,28.2,4.5
"Childs, AZ",0,NA,NA,NA,NA,0.0864705882352941,0.0963636363636364,0.0171363636363636,0.0578571428571429,6.27739130434783,9.68465217391304,0.486826086956522,2.89269565217391,13.8048461538462,0.0932608695652174,10.2173913043478,0,10.2173913043478,6.32969565217391,4.42517391304348,186.511529411765,30.8121304347826,0.635826086956522,8.69952173913043,1.05847826086957,1.08904347826087,1.23634782608696,0.00478260869565217,0.0186521739130435,0.00530434782608696,0.00608695652173913,9.15273913043478,0.478260869565217,NA,34.3,-111.7,17.9,43.6,16.7,41.9,2958,2165,304,8.2,29.1,20.9
"Chuzenji-ko",0,NA,NA,NA,NA,0.229386363636364,0.116068181818182,0.000340909090909091,0.300318181818182,44.9799772727273,36.7736136363636,0.427227272727273,9.79615909090909,28.5124736842105,1.05065909090909,85.6022727272727,22.2631578947368,94.9772727272727,45.2727727272727,8.00027272727273,50.3176590909091,40.9221818181818,0.695840909090909,1.23711363636364,1.27811363636364,2.88290909090909,3.81559090909091,0.0171136363636364,0.0321590909090909,0.0250681818181818,0.03425,4.17309090909091,0.136363636363636,NA,39.1,140.4,6.7,219.1,13.7,164,751,751,184,-4.8,18.8,23.6
"Clearwater, WA",0.0952380952380952,NA,NA,NA,NA,0.224285714285714,0.125,0.000833333333333333,0.258470588235294,29.0857619047619,30.592619047619,0.405809523809524,8.04566666666667,27.2145,0.762714285714286,68.2857142857143,3.5,69.2142857142857,29.296,7.33666666666667,83.5435714285714,41.6735714285714,0.657619047619048,1.78738095238095,1.18928571428571,2.50819047619048,3.03419047619048,0.00966666666666667,0.029047619047619,0.0178571428571429,0.0230952380952381,4.7317619047619,0.166666666666667,NA,47.6,-124.3,9.8,306.1,8,283.2,611,177,273,4.2,15.6,11.4
"Cockaponset Forest, CT",0.04,2.20923076923077,46.0423076923077,21.7884615384615,0.0986153846153846,0.210230769230769,0.119909090909091,0.000363636363636364,0.212666666666667,34.7112307692308,30.3940769230769,0.479769230769231,9.81934615384615,27.4456875,0.877692307692308,30.3461153846154,9.64165,37.6410384615385,34.9048461538462,7.98046153846154,60.1333846153846,29.4473846153846,0.656269230769231,1.04023076923077,1.13384615384615,1.17426923076923,1.53742307692308,0.0390769230769231,0.0236923076923077,0.0254230769230769,0.0313076923076923,1.36073076923077,0.365384615384615,NA,41.4,-72.5,10.1,122.8,15,82.1,1390,1390,244,-2.5,22.1,24.6
"Cordillera Pelada",0.928571428571429,NA,NA,NA,NA,NA,0.122958333333333,0.00320833333333333,0.11512,12.1536774193548,13.5532258064516,0.559645161290323,5.232,11.5539473684211,0.222612903225806,13.1290322580645,0.0769230769230769,13.1666774193548,12.2467096774194,6.16412903225806,NA,24.2829677419355,0.614935483870968,2.87706451612903,1.07316129032258,1.11622580645161,1.24874193548387,0.00993548387096774,0.0326129032258064,0.012258064516129,0.0142258064516129,3.6688064516129,0.403225806451613,NA,-40.2,-73.3,14.4,202.9,8.4,197.3,225,142,334,5.4,12.7,7.4
"CT-River",0,2.90875,NA,NA,NA,0.1535,0.128125,0.00104166666666667,0.176,34.8408541666667,28.38925,0.464125,8.8889375,31.51645,0.44175,30.9062708333333,1.36111111111111,31.3924166666667,34.986625,7.52852083333333,50.7822083333333,31.2807083333333,0.651625,1.57266666666667,1.09733333333333,1.12725,1.41445833333333,0.0227708333333333,0.0128125,0.0120208333333333,0.01425,1.66564583333333,0.395833333333333,NA,41.5,-72.5,10.1,121.4,15.1,81.8,1420,1420,244,-2.6,22.4,24.9
"CT-Swamp",0,2.20538461538462,NA,NA,NA,0.193615384615385,0.160153846153846,0.00138461538461538,0.275769230769231,36.2937692307692,30.1665384615385,0.445307692307692,8.66384615384615,27.3064444444444,1.00230769230769,36.9,9.663,43.691,36.5687692307692,7.75423076923077,60.156,31.2217692307692,0.697307692307692,1.34630769230769,1.21292307692308,1.45607692307692,1.96823076923077,0.0336923076923077,0.0276153846153846,0.0254615384615385,0.0353076923076923,1.89392307692308,0.307692307692308,NA,41.5,-72.5,9.8,123.5,14.8,83.3,1359,1359,244,-2.8,22.3,25.1
"CT-Upland",0.0833333333333333,2.40153846153846,NA,NA,NA,0.136071428571429,0.138642857142857,0.002,0.184,26.2572142857143,28.6998571428571,0.415357142857143,8.18,29.6566666666667,0.692571428571429,35.8691428571429,12.0333333333333,43.5631428571429,26.4203571428571,7.41528571428571,47.4921428571429,36.2835714285714,0.634928571428571,1.5535,1.16821428571429,1.46342857142857,1.96021428571429,0.0327142857142857,0.0205714285714286,0.0165,0.0209285714285714,2.20585714285714,0.392857142857143,NA,41.5,-72.5,10,122.1,15,82.3,1402,1402,244,-3,22,25
"Danum Valley Field Center, Borneo",1,NA,NA,NA,NA,NA,0.382134146341463,0.00104878048780488,0.2252,244.766647058824,70.1159882352941,0.584941176470588,24.2931294117647,81.3991,0.930564705882353,4.48235294117647,0.0657894736842105,4.51764705882353,244.776270588235,9.46475294117647,NA,26.0006117647059,0.6056,0.486317647058824,1.00263529411765,0.0756117647058823,0.0777176470588235,0.0284235294117647,0.0021764705882353,0.00714117647058824,0.00738823529411765,0.0375764705882353,0.876470588235294,NA,5,117.8,24.9,234,24.9,234,5421,5421,365,24.4,25.4,1
"Dilcher's Woods lowland, FL",0.458333333333333,1.72,46.3478260869565,28.4391304347826,0.140125,0.240208333333333,0.120347826086957,0.000782608695652174,0.175772727272727,26.8874166666667,24.8692916666667,0.500083333333333,9.30075,22.4364666666667,0.637416666666667,26.1666666666667,3.23076923076923,27.875,27.0492916666667,7.61516666666667,84.7860833333333,27.57275,0.601208333333333,1.245875,1.073375,1.124625,1.310625,0.027125,0.0211666666666667,0.0203333333333333,0.0239583333333333,1.74320833333333,0.395833333333333,NA,29.6,-82.2,20.5,131.5,20.5,131.5,3830,3830,365,12.7,27.2,14.6
"Dilcher's Woods upland, FL",0.454545454545455,1.57454545454545,45.95,30.9590909090909,0.156727272727273,0.206090909090909,0.11405,0.00105,0.1222,17.4845,18.9483181818182,0.524590909090909,7.06504545454546,19.2987777777778,0.166227272727273,18.2727272727273,1.5,19.2878636363636,17.5941363636364,6.92054545454545,97.7967272727273,26.5566363636364,0.596454545454545,1.93381818181818,1.04354545454545,0.897136363636364,1.01281818181818,0.0105454545454545,0.0134545454545455,0.0075,0.00868181818181818,1.82159090909091,0.613636363636364,NA,29.6,-82.2,20.5,131.5,20.5,131.5,3830,3830,365,12.7,27.2,14.6
"Ducke",0.982456140350877,NA,NA,NA,NA,NA,0.172571428571429,0.00067063492063492,NA,62.3361678832117,36.211700729927,0.530660583941606,14.7087080291971,36.7585,0.0160729927007299,0.750240875912409,0,0.750240875912409,62.3361678832117,8.44183576642336,NA,24.6013321167883,0.57364598540146,0.804036496350365,1.00130656934307,0.028536496350365,0.0297043795620438,0.00109489051094891,0.000452554744525548,0.000467153284671533,0.000489051094890511,0.0379087591240876,0.93978102189781,NA,-3,-59,27.1,220.1,27.1,220.1,6235,6235,365,26.6,27.9,1.3
"Duke Forest, NC",0.037037037037037,1.59518518518519,44.1259259259259,29.0333333333333,0.107925925925926,0.244777777777778,0.10784,4e-04,0.190416666666667,44.1742592592593,32.0441481481481,0.497148148148148,10.104,30.0334375,0.910037037037037,23.0247407407407,5.46666666666667,26.1111111111111,44.3397037037037,7.91851851851852,50.7564814814815,29.2618148148148,0.654703703703704,1.13244444444444,1.061,0.946925925925926,1.07896296296296,0.0478888888888889,0.0200740740740741,0.0223333333333333,0.0264074074074074,1.1662962962963,0.407407407407407,NA,36,-78.9,14.9,114.9,18.2,87.2,2281,2281,275,3.7,25.5,21.8
"Empalme",0.5,NA,NA,NA,NA,0.0292105263157895,0.10265,0.03395,0.0335555555555556,1.77620833333333,5.72029166666667,0.490708333333333,2.03620833333333,6.32185714285714,0.0337916666666667,4.94791666666667,0,4.94791666666667,1.79916666666667,4.314125,123.510473684211,27.6447916666667,0.6135,8.032125,1.05158333333333,0.735791666666667,0.856875,0.00233333333333333,0.01975,0.00420833333333333,0.00516666666666667,3.676625,0.708333333333333,NA,27.3,-109.4,24.8,19.2,27.9,15.1,5275,2102,123,17.8,31.3,13.6
"Foxton Estuary",1,NA,NA,NA,NA,0.0370833333333333,0.0979333333333333,0.0139333333333333,0.0674,4.72453333333333,7.8068,0.533933333333333,2.76846666666667,12.715,0.122466666666667,4.2,1.96153846153846,5.9,4.767,4.63233333333333,115.734666666667,26.5950666666667,0.624533333333333,8.623,1.05993333333333,0.383666666666667,0.521133333333333,0.00473333333333333,0.0208666666666667,0.00633333333333333,0.00873333333333333,1.2552,0.8,NA,-40.5,175.2,13.5,90.4,13.5,90.4,1336,1336,365,8.9,18.2,9.3
"Frodsham, Tasmania",1,NA,NA,NA,NA,NA,0.113157894736842,0.0216315789473684,0.0731875,5.0168947368421,8.79868421052632,0.442736842105263,3.71126315789474,15.0515,0.0588947368421053,2.28947368421053,0,2.28947368421053,5.07815789473684,4.41942105263158,NA,39.9687368421053,0.491526315789474,9.05268421052632,1.00863157894737,0.238368421052632,0.259157894736842,0.00352631578947369,0.00468421052631579,0.00263157894736842,0.00284210526315789,0.846,0.894736842105263,NA,-42.8,146.4,8.3,170.9,8.3,170.9,237,237,365,4,12.8,8.8
"Gorgona",0.983050847457627,NA,NA,NA,NA,NA,0.188251412429379,0.00207250470809793,0.1934317573595,37.4705848896435,26.2641213921902,0.567506791171477,10.4099456706282,22.6006,0.0346774193548387,2.26612903225806,0,2.26612903225806,37.6556689303905,7.78264516129032,NA,22.8904872665535,0.608184210526316,1.14736502546689,1.00411290322581,0.0896290322580644,0.0956290322580646,0.00119354838709677,0.00138709677419355,0.0012258064516129,0.00137096774193548,0.0977096774193548,0.919354838709677,NA,3,-78.2,25.4,680,25.5,469.4,5639,5639,365,25.1,25.9,0.8
"Gouland Downs",1,NA,NA,NA,NA,0.0246315789473684,0.0934782608695652,0.0324782608695652,0.0256470588235294,1.42334782608696,5.388,0.466652173913043,2.19739130434783,7.787,0.027304347826087,1.8695652173913,0.05,1.91304347826087,1.44091304347826,4.00452173913043,209.454578947368,49.2915652173913,0.519608695652174,10.9981304347826,1.01465217391304,0.275173913043478,0.292652173913044,0.00182608695652174,0.00639130434782609,0.0021304347826087,0.00243478260869565,1.4875652173913,0.826086956521739,NA,-40.9,172.4,9.8,282.4,9.8,282.4,499,499,365,4.9,14.6,9.8
"Government Camp, OR",0.25,NA,NA,NA,NA,0.0961111111111111,0.0953571428571429,0.002,0.204892857142857,15.9862142857143,21.9558214285714,0.435857142857143,5.46257142857143,20.0595454545455,0.4465,42.0357142857143,1.07142857142857,42.3035714285714,16.1908571428571,6.585,72.5011851851852,41.6266071428571,0.675071428571429,2.60257142857143,1.15907142857143,1.91846428571429,2.38035714285714,0.00803571428571428,0.0289285714285714,0.0129642857142857,0.0164642857142857,5.74635714285714,0.214285714285714,NA,45.3,-121.7,5.2,217,8.1,44.1,229,15,122,-1.9,13.6,15.5
"Guajataca",0.818181818181818,NA,NA,NA,NA,0.55321052631579,0.172142857142857,0.00125714285714286,0.217411764705882,53.1692631578947,29.3305263157895,0.580026315789474,11.6118421052632,32.3699090909091,0.253184210526316,14.4013157894737,0,14.4013157894737,53.3632631578947,7.91094736842105,100.792657894737,22.8055526315789,0.609105263157895,1.16810526315789,1.02178947368421,0.4285,0.452184210526316,0.00713157894736842,0.00657894736842105,0.00652631578947368,0.00718421052631579,0.379815789473684,0.710526315789474,NA,18.2,-66.9,25.8,173.9,25.8,173.9,5769,5769,365,23.9,27.3,3.4
"Guanica",0.7,NA,NA,NA,NA,0.172484848484848,0.11596875,0.00325,0.0958666666666667,19.7877575757576,16.0279393939394,0.599,5.99509090909091,16.8723333333333,0.082060606060606,8.93939393939394,0,8.93939393939394,19.8751818181818,6.51351515151515,108.325212121212,23.3835151515152,0.673727272727273,2.35118181818182,1.02336363636364,0.467515151515151,0.529242424242424,0.00203030303030303,0.00390909090909091,0.00275757575757576,0.00321212121212121,0.753030303030303,0.833333333333333,NA,17.9,-66.9,26.4,77.1,26.6,72.3,5965,5088,306,24.6,27.7,3.2
"Half Moon Bay, CA",0.291666666666667,NA,NA,NA,NA,0.135833333333333,0.160260869565217,0.00334782608695652,0.168105263157895,17.2013333333333,19.3759166666667,0.458458333333333,6.25704166666667,18.6756470588235,0.375958333333333,37.3125,4.86111111111111,41,17.3347916666667,6.760125,91.207875,31.2580416666667,0.640541666666667,2.2765,1.09066666666667,1.710875,1.962375,0.00833333333333333,0.0189583333333333,0.012625,0.0154583333333333,3.31220833333333,0.291666666666667,NA,37.4,-122.4,12.9,65.4,11.4,62.3,1036,307,212,10,16,6
"Harvard Forest, MA",0.037037037037037,1.43296296296296,45.5703703703704,38.5222222222222,0.0816666666666667,0.193777777777778,0.114259259259259,0.000444444444444444,0.185,34.9557777777778,29.5391481481481,0.487148148148148,9.25422222222222,26.5031851851852,0.706185185185185,44.2345185185185,12.3710666666667,51.0678888888889,35.1376666666667,7.85518518518519,57.0954814814815,28.6581481481481,0.671962962962963,1.12140740740741,1.12603703703704,1.91048148148148,2.26340740740741,0.024,0.0210740740740741,0.0223703703703704,0.0267777777777778,2.306,0.166666666666667,NA,42.5,-72.2,7.3,113.2,15.4,58.2,1031,1031,184,-6.6,20.2,26.8
"Hawk Mountain, PA",0.125,1.63,46.2208333333333,33.4583333333333,0.089125,0.269625,0.127652173913043,0.000521739130434783,0.238727272727273,51.2568333333333,39.3715833333333,0.442791666666667,11.5935416666667,40.152,1.13775,37.743,12.3110666666667,45.4097083333333,51.4884166666667,8.1895,79.9509166666667,36.7049583333333,0.64075,1.049625,1.122375,1.23504166666667,1.50108333333333,0.044125,0.0232916666666667,0.026375,0.0318333333333333,1.32245833333333,0.270833333333333,NA,40.6,-75.9,10.3,115.5,15.4,81.6,1477,1477,244,-3,22.7,25.7
"HobartWet Schlerophyll, Tasmania",1,NA,NA,NA,NA,NA,0.145,0.00306666666666667,0.146071428571429,10.4776875,14.9801875,0.4264375,6.3076875,19.13875,0.081875,9.53125,0,9.59375,10.6050625,6.064375,NA,30.955,0.4871875,4.789375,1.0213125,0.5003125,0.56375,0.00225,0.005625,0.0036875,0.004125,0.958125,0.75,NA,-42.9,147.3,11.3,84.4,11.3,84.4,761,761,365,6.9,15.7,8.8
"Homer",0.1,NA,NA,NA,NA,0.10865,0.0976111111111111,0.00183333333333333,0.138555555555556,14.888,17.77385,0.4908,5.4583,15.656125,0.54285,30.7,3.66666666666667,31.8,15.0127,6.3392,81.49315,30.7825,0.64705,2.9914,1.1536,1.55015,1.91595,0.0095,0.02975,0.01735,0.0241,3.4274,0.225,NA,59.6,-151.5,3.1,65.8,9.8,25.7,124,124,153,-5.4,12,17.4
"Hood River, OR",0.0714285714285714,NA,NA,NA,NA,0.113678571428571,0.143888888888889,0.00166666666666667,0.16436,18.5913214285714,24.0348214285714,0.456571428571429,6.61275,20.5907826086957,0.556,41.5892857142857,1.64285714285714,42.4285714285714,18.7386785714286,7.19825,58.8426071428571,35.9731071428571,0.69275,1.69132142857143,1.16385714285714,1.76989285714286,2.16096428571429,0.0281785714285714,0.0378928571428571,0.0218928571428571,0.0274285714285714,3.04342857142857,0.160714285714286,NA,45.7,-121.5,10.9,90.3,8.5,35.4,1203,49,122,1.8,20.1,18.3
"Hubbard Brook, NH",0,1.33333333333333,46.38,43.4333333333333,0.0806,0.193866666666667,0.1258,0.000533333333333333,0.215866666666667,39.8877333333333,34.5526666666667,0.449,9.75233333333333,30.8752142857143,1.1964,50.5556,11.5926666666667,57.4667333333333,40.1011333333333,8.00806666666667,54.7231333333333,33.7566,0.687333333333333,1.0798,1.14786666666667,1.81693333333333,2.1372,0.0372666666666667,0.0278,0.0306,0.0368,2.083,0.0666666666666667,NA,43.9,-71.8,4.8,115.6,13.3,62.2,710,710,184,-9.5,18,27.5
"Huyck Preserve, NY",0,1.62208333333333,44.1791666666667,32.9,0.0802083333333333,0.167666666666667,0.130375,0.000791666666666667,0.251125,35.64675,31.1090833333333,0.432666666666667,9.1935,26.5988695652174,1.06129166666667,52.47925,20.1026153846154,63.8472083333333,35.8946666666667,7.77316666666667,54.3491666666667,33.2733333333333,0.662083333333333,1.237875,1.18145833333333,2.115625,2.60316666666667,0.0271666666666667,0.0317916666666667,0.0285,0.0351666666666667,2.79029166666667,0.0416666666666667,NA,42.7,-74.5,7.5,100.4,14.5,63.4,1095,1095,214,-6.3,20.5,26.8
"IES, NY",0,1.46903225806452,44.7161290322581,34.2,0.0976129032258065,0.282387096774194,0.138793103448276,0.000482758620689655,0.335433333333333,52.5611935483871,37.6392580645161,0.442,11.2294516129032,31.62004,1.5128064516129,40.5591612903226,13.1470588235294,47.7742903225806,52.8833225806452,8.14077419354839,59.7605483870968,32.6715161290323,0.655967741935484,1.05629032258065,1.14622580645161,1.54054838709677,1.88738709677419,0.0682258064516129,0.0260967741935484,0.0304838709677419,0.0377741935483871,2.14538709677419,0.193548387096774,NA,41.8,-73.8,8.9,108.8,15.7,67.5,1273,1273,214,-4.7,21.4,26.1
"Kaimanawa Mountains",1,NA,NA,NA,NA,0.018448275862069,0.106096774193548,0.0334193548387097,0.0368275862068966,1.68415625,6.1624375,0.4481875,2.56265625,7.336625,0.04690625,2.796875,0,2.796875,1.71578125,3.90025,160.20495,54.08834375,0.5273125,12.67465625,1.02734375,0.3819375,0.4279375,0.00665625,0.01790625,0.00509375,0.00578125,1.953,0.75,NA,-39.3,175.9,8.4,233.5,9.4,187.1,335,335,303,3.2,13.7,10.5
"Keka",1,NA,NA,NA,NA,0.601171428571429,0.201914285714286,0.00111428571428571,0.229314285714286,45.3951142857143,29.0279142857143,0.587085714285714,11.5809714285714,29.4086,0.0755714285714286,3.21428571428571,0,3.21428571428571,45.6232,8.10348571428571,126.585685714286,22.0924285714286,0.608342857142857,0.884857142857143,1.0092,0.107085714285714,0.115,0.00494285714285714,0.0038,0.00288571428571429,0.0034,0.101285714285714,0.857142857142857,NA,-16.8,179,24.3,259.4,24.4,259.4,5254,5254,365,22.8,25.9,3.2
"Kepong",1,NA,NA,NA,NA,0.435388888888889,0.147058823529412,0.000235294117647059,0.1220625,64.085,36.0369444444444,0.529277777777778,14.9847222222222,NA,0,0,0,0,64.1923888888889,8.48455555555556,62.7841111111111,24.2449444444444,0.555555555555556,0.759777777777778,1,0,0,0,0,0,0,0,1,NA,3.1,101.6,27.7,223.3,27.7,223.3,6202,6202,365,26.5,27.7,1.2
"Ketchikan",0.25,NA,NA,NA,NA,0.229727272727273,0.104863636363636,0.00445454545454545,0.6110625,32.8568333333333,26.1720416666667,0.480291666666667,6.4165,26.923625,0.718166666666667,51.2083333333333,5.69230769230769,54.3333333333333,33.2657916666667,6.22225,76.8676363636364,36.410625,0.637541666666667,4.2855,1.12725,2.20341666666667,2.53929166666667,0.00883333333333333,0.024125,0.0138333333333333,0.0178333333333333,5.76208333333333,0.333333333333333,NA,55.3,-131.6,7.2,361,9.7,231.9,378,378,244,0.3,14.4,14.1
"Los Queles",0.925925925925926,NA,NA,NA,NA,NA,0.133961538461538,0.00303846153846154,0.0964666666666667,14.8086612903226,15.4603225806452,0.595661290322581,5.81748387096774,13.0876315789474,0.178290322580645,15.5333548387097,0.953333333333333,15.8548709677419,14.9014032258065,6.587,NA,22.0724677419355,0.644774193548387,2.12803225806452,1.06590322580645,0.845709677419355,0.983870967741935,0.0146451612903226,0.0230645161290323,0.0110645161290323,0.0126451612903226,1.69983870967742,0.403225806451613,NA,-36,-72.7,11.5,93.5,8.9,81.3,778,50,183,7.6,16.2,8.6
"Los Ruiles",0.972222222222222,NA,NA,NA,NA,NA,0.133842105263158,0.00694736842105263,0.0742439024390244,12.5391707317073,14.3411463414634,0.601585365853659,5.42275609756098,13.5472727272727,0.181317073170732,14.0040487804878,0.272727272727273,14.0772195121951,12.6119268292683,6.51275609756098,NA,22.3100731707317,0.653853658536585,2.30229268292683,1.05343902439024,0.996219512195122,1.11085365853659,0.00892682926829268,0.0214390243902439,0.010780487804878,0.0121707317073171,2.27087804878049,0.463414634146341,NA,-35.8,-72.5,12.1,90.7,9.3,78.9,951,66,183,7.8,17.2,9.4
"Margaret River",1,NA,NA,NA,NA,NA,0.186676470588235,0.0118308823529412,0.12025,19.5733455882353,27.1038161764706,0.298272058823529,8.72791176470588,13.438,0.231602941176471,2.53308823529412,0,2.53308823529412,19.68325,6.33679411764706,NA,64.7033088235294,0.446742647058824,5.00805882352941,1.05283823529412,0.172441176470588,0.210566176470588,0.0170367647058824,0.0184411764705882,0.00985294117647059,0.0124632352941176,0.718625,0.75,NA,-34.1,115.1,16.3,106.8,14.5,94.6,2334,960,214,13,20.6,7.6
"Monte Guilarte",0.888888888888889,NA,NA,NA,NA,0.311636363636364,0.13430303030303,0.00106060606060606,0.152612903225806,28.3786666666667,23.4898787878788,0.551515151515152,8.6860303030303,21.631375,0.0891818181818182,8.75757575757576,0,8.75757575757576,28.5215454545455,7.59378787878788,115.645606060606,24.0399696969697,0.639757575757576,1.20906060606061,1.01469696969697,0.447030303030303,0.479545454545455,0.0033939393939394,0.00306060606060606,0.00309090909090909,0.00339393939393939,0.627727272727273,0.757575757575758,NA,18.2,-66.8,19.4,270.7,19.3,270.7,3404,3404,365,17.5,20.9,3.4
"Mt. Read, Tasmania",0.956521739130435,NA,NA,NA,NA,NA,0.587869565217391,0.0307826086956522,8.97804347826087,22.2657391304348,15.948347826087,0.458217391304348,6.63613043478261,7.55833333333333,0.0524347826086956,6.6304347826087,0.266666666666667,6.80434782608696,31.242652173913,5.04591304347826,NA,34.9076086956522,0.551695652173913,6.10534782608696,1.03882608695652,1.02234782608696,1.13908695652174,0.00426086956521739,0.0214347826086957,0.00608695652173913,0.0068695652173913,4.48986956521739,0.630434782608696,NA,-41.8,145.6,6.5,371,9.1,251.3,306,306,365,5.1,13.5,8.4
"Murrua Track",1,NA,NA,NA,NA,NA,0.0950588235294118,0.00247058823529412,0.2404375,21.6966470588235,22.0800588235294,0.298823529411765,9.46294117647059,27.079,0.0111176470588235,0.784294117647059,0,0.784294117647059,21.9223529411765,6.27394117647059,NA,60.981,0.395235294117647,5.02194117647059,1.00252941176471,0.0274705882352941,0.0286470588235294,0.000823529411764706,0.001,0.000411764705882353,0.000411764705882353,0.072764705882353,0.941176470588235,NA,-33.6,151.3,16.8,122.8,16.9,122.8,2514,2514,365,10.9,21.9,11
"Nagakubo",0.803921568627451,NA,NA,NA,NA,0.235019230769231,0.132823529411765,0.000941176470588235,0.247196078431373,29.1839230769231,26.358,0.499615384615385,10.4593846153846,25.20948,0.252,20.3205,1.68518518518519,21.1955,29.4216730769231,7.70373076923077,82.3958653846154,26.89525,0.568634615384615,1.18365384615385,1.04078846153846,0.7765,0.862480769230769,0.00988461538461539,0.00861538461538462,0.00796153846153846,0.00884615384615385,0.94425,0.5,NA,30.3,131.3,19.5,357.9,19.4,357.9,3434,3434,365,11.4,27.3,15.9
"Nahuelbuta",0.909090909090909,NA,NA,NA,NA,NA,0.115735294117647,0.00252941176470588,0.0849393939393939,11.2355555555556,13.3872222222222,0.576666666666667,5.02475,12.988875,0.211777777777778,19.7152777777778,0.125,19.8125,11.3116944444444,6.21405555555556,NA,23.6531111111111,0.627916666666667,2.67238888888889,1.05386111111111,1.41136111111111,1.54877777777778,0.0110833333333333,0.025,0.0114166666666667,0.0126944444444444,3.92666666666667,0.333333333333333,NA,-37.8,-73.2,10,156.2,8.7,145.3,466,117,275,6.3,14.6,8.3
"Nestucca River, OR",0.117647058823529,NA,NA,NA,NA,0.257235294117647,0.181647058823529,0.00258823529411765,0.3778,38.1714117647059,32.6120588235294,0.463941176470588,8.81241176470588,31.033,1.59223529411765,45.0294117647059,2.63636363636364,46.7352941176471,38.5035294117647,7.49858823529412,86.0342352941177,37.7451176470588,0.663235294117647,1.52941176470588,1.12447058823529,1.65570588235294,1.99382352941176,0.0574117647058823,0.0217647058823529,0.0214117647058824,0.0258235294117647,2.68276470588235,0.235294117647059,NA,45,-124,11.4,103.1,9.8,99.8,1103,537,303,4.2,19.2,15
"Noah Creek",0.942307692307692,NA,NA,NA,NA,NA,0.17396875,0.00048125,0.170641975308642,66.9558658536585,38.6587804878049,0.510353658536585,15.7628231707317,29.8367727272727,0.0821585365853658,5.70731707317073,0,5.70731707317073,67.1244268292683,8.53415243902439,NA,26.2831951219512,0.557414634146342,0.805823170731707,1.02126829268293,0.161725609756098,0.18665243902439,0.00225,0.00237195121951219,0.00231707317073171,0.00271951219512195,0.166707317073171,0.865853658536585,NA,-16.2,145.5,25.6,208.9,27.4,183,5699,3150,181,22.3,28.1,5.8
"North Bend, OR",0.333333333333333,NA,NA,NA,NA,0.18532,0.136333333333333,0.00152380952380952,0.140681818181818,25.44996,24.88404,0.4944,7.63032,24.3184375,0.74472,37.38,15.1071428571429,45.84,25.59928,7.32836,77.20704,30.01056,0.65116,1.51676,1.14264,1.77936,2.28012,0.0184,0.02676,0.01844,0.02532,2.52304,0.38,NA,43.4,-124.2,11.4,162.8,9.5,150.7,698,129,243,7.5,15.3,7.8
"Nuri, Sonora",NA,NA,NA,NA,NA,0.0715925925925926,0.0828965517241379,0.00467241379310345,0.0967678571428571,9.962171875,14.41634375,0.499234375,4.7215,15.1548461538462,0.13153125,9.734375,0.431818181818182,10.03125,10.045796875,5.79690625,73.6977777777778,30.257046875,0.645921875,6.162609375,1.047734375,0.729796875,0.816875,0.0058125,0.011578125,0.006296875,0.00740625,1.909953125,0.609375,NA,28,-109.4,22.8,66.5,25.4,49.6,4685,1893,123,15.2,29.7,14.6
"Okataina",0.954545454545455,NA,NA,NA,NA,NA,0.21047619047619,0.00304761904761905,0.3647,20.2660454545455,21.795,0.520090909090909,8.69240909090909,23.28575,0.38,19.1363636363636,0,19.1363636363636,20.5974090909091,7.36854545454545,NA,28.1360909090909,0.578545454545455,1.39331818181818,1.04854545454545,0.789363636363636,0.861681818181818,0.0138181818181818,0.0171363636363636,0.0142272727272727,0.0157272727272727,0.951545454545455,0.431818181818182,NA,-38.8,176.4,10.4,170.4,10.4,170.4,674,674,365,5.1,15.7,10.7
"Panther Wildlife Refuge, FL",0.764705882352941,1.815,44.6055555555556,26.5722222222222,0.153555555555556,0.249611111111111,0.138764705882353,0.00105882352941176,0.155,25.071,22.268,0.544833333333333,9.001,19.118,0.141,8.38888888888889,0.411133333333333,8.68522222222222,25.2188333333333,7.49538888888889,94.2167777777778,24.3509444444444,0.590833333333333,1.24622222222222,1.01811111111111,0.518444444444444,0.562555555555556,0.00866666666666667,0.00716666666666667,0.00566666666666667,0.00611111111111111,0.940055555555555,0.777777777777778,NA,26.2,-81.3,23.2,134.2,24.7,116.4,4803,3584,243,17.7,27.7,10
"Parkdale, OR",0.0625,NA,NA,NA,NA,0.19415625,0.101344827586207,0.000655172413793103,0.283533333333333,27.9528125,27.467625,0.48409375,7.14903125,24.8478518518518,1.03653125,49.53125,13.375,54.65625,28.21853125,7.4179375,74.75240625,32.9039375,0.72475,1.43284375,1.1935,2.1879375,2.70571875,0.03746875,0.0400625,0.02953125,0.038625,3.21965625,0.171875,NA,45.5,-121.6,8.9,119.7,9.5,21.9,818,40,92,0.1,18,17.9
"Parque El Rey",0.928571428571429,NA,NA,NA,NA,NA,0.0911153846153846,0.00253846153846154,NA,12.0381111111111,15.575037037037,0.50562962962963,5.91185185185185,15.0018,0.137074074074074,12.2592592592593,0.45,12.6049259259259,12.0381111111111,6.48281481481482,NA,28.1451851851852,0.590259259259259,2.59618518518519,1.05455555555556,0.655851851851852,0.771074074074074,0.00640740740740741,0.0180740740740741,0.00785185185185185,0.00914814814814815,1.38033333333333,0.62962962962963,NA,-24.6,-64.7,19.2,61.2,22.2,58.5,3317,2576,212,12.4,24.2,11.8
"Pasoh",1,NA,NA,NA,NA,0.520464285714286,0.170357142857143,0.000535714285714286,0.139961538461538,65.2930714285714,37.3492142857143,0.543392857142857,15.2463214285714,37.3142,0.190607142857143,6.91071428571429,0,6.91071428571429,65.42275,8.58167857142857,77.9959642857143,23.8843214285714,0.576607142857143,0.700678571428571,1.00846428571429,0.18075,0.188892857142857,0.00917857142857143,0.00396428571428571,0.00603571428571429,0.00642857142857143,0.119857142857143,0.821428571428571,NA,2.9,102.3,26.4,215.6,23.7,215.6,4984,4984,365,22.8,24.4,1.7
"Pee Dee, SC",0.291666666666667,1.39518518518519,45.6740740740741,37.2074074074074,0.137740740740741,0.154,0.116,0.00126086956521739,0.127181818181818,18.5453333333333,21.5112962962963,0.500814814814815,7.38748148148148,22.9907142857143,0.242518518518519,13.3827037037037,0.976214285714286,13.9135925925926,18.6502962962963,7.02485185185185,84.2455185185185,29.3274444444444,0.59137037037037,1.75714814814815,1.0417037037037,0.729222222222222,0.787111111111111,0.0285925925925926,0.010962962962963,0.00859259259259259,0.01,1.27792592592593,0.481481481481482,NA,34.2,-79.4,17,122.5,17,122.5,2788,2788,365,6.5,26.8,20.4
"Placerville, CA",0.347826086956522,NA,NA,NA,NA,0.184260869565217,0.166818181818182,0.00318181818181818,0.152227272727273,22.8087826086957,21.3179130434783,0.523086956521739,7.12286956521739,22.195,0.591739130434783,29.5,2,30.1521739130435,22.9538695652174,7.01765217391304,104.556,27.7233043478261,0.658782608695652,1.79782608695652,1.10847826086957,1.32373913043478,1.5535652173913,0.0271304347826087,0.0364347826086957,0.0229565217391304,0.0271739130434783,2.13447826086957,0.304347826086957,NA,38.8,-120.8,14.4,98.5,9.5,91.9,1893,243,212,6.1,23.6,17.6
"Portal, AZ",0,NA,NA,NA,NA,0.0815151515151515,0.108930555555556,0.00616666666666667,0.068734375,6.94075,11.5809868421053,0.500763157894737,4.05346052631579,15.4233157894737,0.129342105263158,14.0592105263158,1.12962962962963,14.7302631578947,6.99925,5.59707894736842,120.956742424242,31.7563947368421,0.60296052631579,6.00719736842105,1.03494736842105,0.986802631578947,1.06619736842105,0.0108947368421053,0.0138552631578947,0.00796052631578947,0.00882894736842105,2.51857894736842,0.552631578947368,NA,31.9,-109.2,15.8,50,18.7,29.2,1645,1067,123,4,22.1,18.1
"Powers, OR",0.206896551724138,NA,NA,NA,NA,0.255689655172414,0.12256,0.00084,0.267875,26.0290689655172,24.9657931034483,0.513310344827586,7.50689655172414,22.85492,1.11355172413793,31.5,5.07692307692308,33.448275862069,26.2535172413793,7.32568965517241,90.6907586206896,29.4485172413793,0.677068965517241,1.49155172413793,1.10237931034483,1.51634482758621,1.75948275862069,0.0747586206896552,0.0307586206896552,0.0244827586206897,0.0292068965517241,2.55113793103448,0.241379310344828,NA,42.9,-124.1,11.5,158.7,8.9,148.3,921,146,243,6.2,17.5,11.3
"Red Fleet, UT",0.260869565217391,NA,NA,NA,NA,0.0582380952380952,0.105363636363636,0.00390909090909091,0.0772631578947369,6.11604347826087,12.4066956521739,0.442782608695652,4.13752173913043,12.4288666666667,0.22304347826087,21.8913043478261,2.27777777777778,22.7826086956522,6.1785652173913,5.90139130434783,98.8162857142857,34.001,0.615739130434783,3.64534782608696,1.10613043478261,1.40021739130435,1.70465217391304,0.0149130434782609,0.0351739130434783,0.0139565217391304,0.0171739130434783,3.47708695652174,0.391304347826087,NA,40.5,-109.3,7.1,24.8,16.9,11.5,1056,1056,153,-7,21,28
"Republic, WA",0.0357142857142857,NA,NA,NA,NA,0.125035714285714,0.0964074074074074,0.000666666666666667,0.327269230769231,27.4291785714286,24.4171785714286,0.435607142857143,6.68964285714286,20.55332,0.702535714285714,51.4642857142857,5.16666666666667,54.8392857142857,27.7316071428571,7.16632142857143,51.1761071428571,35.342,0.699,1.72925,1.17478571428571,2.28603571428571,2.76660714285714,0.0135714285714286,0.0390714285714286,0.0223214285714286,0.0278571428571429,4.33914285714286,0.160714285714286,NA,48,-117.9,0.1,124.7,7.9,21.6,0,0,122,-8.4,9.8,18.2
"Robinson Falls",1,NA,NA,NA,NA,0.6405,0.1709,0.00045,0.181947368421053,71.4094545454546,39.769,0.502590909090909,15.7311363636364,44.88,0.0888181818181818,12,0,12,71.5769545454545,8.59540909090909,85.7941363636364,25.9067272727273,0.563318181818182,0.744227272727273,1.01486363636364,0.262545454545455,0.286636363636364,0.000954545454545455,0.000681818181818182,0.00127272727272727,0.00154545454545455,0.248636363636364,0.795454545454545,NA,4.4,101.4,22.1,261.4,18.5,261.4,3100,3100,365,17.8,19.3,1.6
"Round Hill mallee",1,NA,NA,NA,NA,NA,0.0776470588235294,0.00447058823529412,0.216615384615385,8.83527777777778,18.6566111111111,0.207833333333333,7.87688888888889,1.209,0,0.0185,0,0.0185,8.99111111111111,5.24233333333333,NA,100.742888888889,0.328833333333333,9.51577777777778,1.00072222222222,0.0147222222222222,0.0153333333333333,0,0.000222222222222222,0,0,0.356111111111111,0.972222222222222,NA,-33,146.2,17.6,42.1,17.6,42.1,2794,2794,365,9.4,25.8,16.4
"Round Hill woodland",1,NA,NA,NA,NA,NA,0.0785686274509804,0.00237254901960784,0.159137254901961,9.17012962962963,22.6527777777778,0.209925925925926,9.24712962962963,7.52275,0.00655555555555556,0.456814814814815,0,0.456814814814815,9.31903703703704,5.841,NA,111.943,0.331185185185185,6.35668518518519,1.00681481481481,0.0439444444444444,0.0507592592592593,0.000648148148148148,0.00262962962962963,0.000537037037037037,0.000611111111111111,0.266833333333333,0.944444444444444,NA,-33,146.1,17.6,42.4,17.6,42.4,2774,2774,365,9.3,25.7,16.4
"San Bartolo",NA,NA,NA,NA,NA,0.0639130434782609,0.0668620689655172,0.00379310344827586,0.117071428571429,7.60648387096774,12.609064516129,0.503774193548387,3.21164516129032,15.3948,0.239806451612903,5.66129032258065,0,5.66129032258065,7.71370967741935,5.04874193548387,74.8006956521739,33.6059032258065,0.669064516129032,7.15061290322581,1.07183870967742,0.488774193548387,0.57883870967742,0.0105806451612903,0.0195161290322581,0.00732258064516129,0.00958064516129032,1.80545161290323,0.693548387096774,NA,23.7,-109.9,21.3,41.1,25.5,35.4,4094,1900,123,15.5,26.9,11.4
"Santa Cruz, CA",0.395833333333333,NA,NA,NA,NA,0.112479166666667,0.1616875,0.00325,0.128363636363636,13.4165208333333,16.8794166666667,0.537979166666667,5.9054375,14.7083125,0.184583333333333,28.3958125,2.86666666666667,30.4583125,13.5268125,6.80529166666667,76.239,26.526875,0.664291666666667,1.9786875,1.09897916666667,1.64647916666667,1.95147916666667,0.00635416666666667,0.0225208333333333,0.0098125,0.0121666666666667,3.37933333333333,0.354166666666667,NA,37,-121.9,14,65.3,11.2,60,1466,237,181,9.6,17.8,8.2
"Seqaqa",1,NA,NA,NA,NA,1.07657142857143,0.208777777777778,0.000666666666666667,0.496214285714286,98.0305,41.0378928571429,0.560357142857143,16.5107142857143,46.8718,0.387392857142857,6.92857142857143,0,6.96428571428571,98.5244642857143,8.69421428571429,91.9326428571429,23.4830357142857,0.589571428571429,0.729178571428571,1.00960714285714,0.20525,0.21875,0.0177857142857143,0.00292857142857143,0.00525,0.00553571428571429,0.17525,0.821428571428571,NA,-16.6,179.1,25.1,249.4,25.1,249.4,5504,5504,365,23.6,26.5,2.9
"SERC, MD",0.04,1.90291666666667,44.6916666666667,24.95,0.09852,0.3428,0.119782608695652,0.000304347826086956,0.30304347826087,52.69656,37.2122,0.47848,11.20188,33.9718235294118,1.51732,37.31996,6.3444,41.0266,52.97464,8.20328,63.25628,33.67264,0.656,0.97772,1.1054,1.21612,1.39152,0.06988,0.023,0.02688,0.03308,1.23208,0.3,NA,38.5,-76.3,13.7,108.6,17.3,83.7,2113,2113,275,1.7,25.3,23.7
"Suganuma, Honshu",0,NA,NA,NA,NA,0.2095,0.13775,0.00075,0.333214285714286,33.25025,35.8240625,0.3191875,9.3765625,26.9240625,0.7929375,97.125,31.75,101.40625,33.5405625,7.835875,63.806125,46.4789375,0.6509375,1.4364375,1.3318125,3.1426875,4.1685625,0.0091875,0.02825,0.0200625,0.0274375,4.6440625,0,NA,36.8,139.4,2.5,227.5,9.8,166.3,297,297,184,-9.4,15.1,24.5
"Talkeetna",0.111111111111111,NA,NA,NA,NA,0.108,0.105777777777778,0.00381481481481481,0.133307692307692,19.1791111111111,20.5180740740741,0.45862962962963,6.31788888888889,21.4047368421053,0.481111111111111,39.7777777777778,3.28571428571429,41.4814814814815,19.3075925925926,6.68692592592593,64.5435769230769,31.4228888888889,0.656407407407407,3.07677777777778,1.13296296296296,1.61344444444444,1.93225925925926,0.0101111111111111,0.0234444444444444,0.0152222222222222,0.0190740740740741,2.50796296296296,0.277777777777778,NA,62.3,-150.2,0.8,68.4,11.2,38.7,323,323,153,-12.2,14.8,27
"Tanjung Tuan",0.888888888888889,NA,NA,NA,NA,0.406619047619048,0.176157894736842,0.000789473684210526,0.139421052631579,53.3692857142857,35.9438095238095,0.490285714285714,14.07,NA,0,0,0,0,53.4982857142857,8.37714285714286,77.783,27.3835714285714,0.561761904761905,0.828428571428571,1,0,0,0,0,0,0,0,1,NA,2.4,101.9,26.9,237.4,27,237.4,6460,6460,365,27.2,28.2,1.1
"Three Lynx, OR",0.111111111111111,NA,NA,NA,NA,0.128222222222222,0.08496,0.00048,0.24088,27.376,25.3208888888889,0.434666666666667,6.91744444444444,20.7658333333333,0.680851851851852,46.4259259259259,2.08333333333333,46.9444444444444,27.6017037037037,7.10585185185185,54.6604814814815,36.3014074074074,0.681518518518519,1.89396296296296,1.18711111111111,2.15277777777778,2.63544444444444,0.0163333333333333,0.0323333333333333,0.0182592592592593,0.0232962962962963,4.50896296296296,0.166666666666667,NA,45.1,-122.1,9.7,192.6,9.4,126.5,809,350,241,2.5,17.5,15
"Toro Negro",0.964285714285714,NA,NA,NA,NA,0.305214285714286,0.167425,0.0023,0.158289473684211,24.704880952381,20.4775238095238,0.585714285714286,7.86630952380952,22.4171,0.1145,15.9107142857143,0.636363636363636,16.1607142857143,24.841,7.27319047619048,174.138214285714,22.2313333333333,0.623785714285714,1.40030952380952,1.02142857142857,0.681571428571429,0.742333333333333,0.00169047619047619,0.0039047619047619,0.00352380952380952,0.00397619047619048,0.922547619047619,0.761904761904762,NA,18.2,-66.7,18.1,289.8,18.1,289.8,2942,2942,365,16.1,19.7,3.6
"West Head",1,NA,NA,NA,NA,NA,0.123470588235294,0.00205882352941176,0.422875,38.1896111111111,32.2854444444444,0.3675,12.98,32.48,0.00816666666666667,0.314833333333333,0,0.314833333333333,38.5682777777778,7.27611111111111,NA,95.0245,0.450944444444444,4.403,1.00133333333333,0.0160555555555556,0.0162222222222222,0.00227777777777778,0.000611111111111111,0.000444444444444445,0.000444444444444445,0.0243888888888889,0.888888888888889,NA,-33.7,151.1,16.9,130.9,16.9,130.9,2525,2525,365,11.1,21.9,10.8
"Wiliwili Nui Ridge trail",0.958333333333333,NA,NA,NA,NA,NA,0.0545217391304348,4.34782608695652e-05,0.14825,23.5058333333333,19.7542083333333,0.664708333333333,7.47495833333333,24.697,0.134875,8.95833333333333,0.85,9.66666666666667,23.6036666666667,7.45354166666667,NA,19.5020416666667,0.690541666666667,1.13345833333333,1.01491666666667,0.405333333333333,0.4445,0.006625,0.00383333333333333,0.004625,0.00491666666666667,0.414208333333333,0.75,NA,21.3,-157.8,20,500.2,20,369.3,3649,3649,365,18.1,21.9,3.8
"Wolf Creek, CO",0.0476190476190476,NA,NA,NA,NA,0.0925714285714286,0.110761904761905,0.00223809523809524,0.0797058823529412,7.89957142857143,15.1340476190476,0.466952380952381,4.92861904761905,14.1887333333333,0.250285714285714,42.6349047619048,3.16666666666667,43.5396666666667,7.96952380952381,6.31971428571429,108.453142857143,36.942619047619,0.632714285714286,3.16014285714286,1.14119047619048,2.78780952380952,3.11638095238095,0.00542857142857143,0.0294761904761905,0.0127619047619048,0.0167142857142857,6.46938095238095,0.261904761904762,NA,44.3,-119.1,1.5,77.4,11,19.3,116,116,92,-8.6,12.4,21
"Yakusugi--1080m",0.647058823529412,NA,NA,NA,NA,0.330588235294118,0.162058823529412,0.00211764705882353,0.346235294117647,26.8133529411765,30.7450588235294,0.396,8.32970588235294,27.2956666666667,0.553529411764706,51.7647058823529,4.14285714285714,53.5294117647059,27.1404117647059,7.31370588235294,144.062705882353,46.2062941176471,0.587470588235294,1.74835294117647,1.18352941176471,1.67894117647059,2.05929411764706,0.00782352941176471,0.0208823529411765,0.0125882352941176,0.0170588235294118,3.11864705882353,0.294117647058823,NA,30.3,130.6,12.1,354.7,12,354.7,1331,1331,365,3.5,20.1,16.7
"Yakusugi--1350m",0.538461538461538,NA,NA,NA,NA,0.182576923076923,0.136230769230769,0.00257692307692308,0.255125,17.9638846153846,23.254,0.398769230769231,7.9495,20.2176666666667,0.313346153846154,40.1730769230769,0,40.1730769230769,18.2003846153846,7.22038461538462,93.9900769230769,36.8343846153846,0.561846153846154,1.7485,1.16546153846154,1.53965384615385,1.95626923076923,0.00746153846153846,0.0211538461538462,0.0113076923076923,0.0147307692307692,3.03946153846154,0.288461538461539,NA,30.3,130.6,13.8,342.6,13.7,342.6,1725,1725,365,5.2,21.7,16.5
"Yakusugi--260m",0.657894736842105,NA,NA,NA,NA,0.258384615384615,0.134846153846154,0.000871794871794872,0.245236842105263,27.8286153846154,26.6709487179487,0.449179487179487,10.4188974358974,25.0305909090909,0.318410256410256,21.7692307692308,0.92,22.3461538461539,28.0673076923077,7.65194871794872,79.4243333333333,30.3873076923077,0.53874358974359,1.26323076923077,1.04730769230769,0.929564102564103,1.01207692307692,0.01,0.0124615384615385,0.0102051282051282,0.0116153846153846,1.48838461538462,0.461538461538462,NA,30.3,130.6,18.5,341.6,18.4,341.6,3080,3080,365,10.4,26.3,15.9
"Yakusugi--800m",0.71875,NA,NA,NA,NA,0.2429375,0.145387096774194,0.00103225806451613,0.239413793103448,25.56134375,26.5266875,0.41003125,9.15028125,22.7021904761905,0.35653125,32.65625,1,32.84375,25.7798125,7.406375,90.23409375,34.9268125,0.55609375,1.592,1.1421875,1.2755625,1.53353125,0.00946875,0.01471875,0.0101875,0.012875,2.2795,0.328125,NA,30.3,130.6,14.7,335.3,14.6,335.3,1947,1947,365,6.3,22.6,16.3
"Yasuni-ridgetop",1,NA,NA,NA,NA,0.667243902439024,0.258375,0.000943548387096774,0.349778260869565,108.802825396825,45.4585396825397,0.548900793650794,19.1717936507937,54.2496111111111,0.225753968253968,7.72222222222222,0,7.72222222222222,109.101115079365,8.87142063492064,59.9747886178862,23.5696865079365,0.558309523809524,0.664162698412698,1.00296825396825,0.135460317460317,0.139039682539683,0.00553968253968254,0.00186507936507937,0.00358730158730159,0.00367460317460317,0.0746349206349206,0.857142857142857,NA,-0.7,-76.4,25.1,311.5,25.1,311.5,5510,5510,365,24.1,25.8,1.7
"Yasuni-valley bottom",1,NA,NA,NA,NA,0.692627450980392,0.292660377358491,0.00113207547169811,0.408333333333333,129.949811320755,50.450462962963,0.550574074074074,20.2445555555556,54.6972857142857,0.2865,5.71296296296296,0,5.71296296296296,130.358037037037,9.05440740740741,55.4485294117647,23.5717592592593,0.570185185185185,0.584074074074074,1.00364814814815,0.117111111111111,0.119925925925926,0.0112407407407407,0.00218518518518518,0.00487037037037037,0.00505555555555556,0.0951851851851852,0.87037037037037,NA,-0.7,-76.4,25.1,311.5,25.1,311.5,5510,5510,365,24.1,25.8,1.7
"York, PA",0.0181818181818182,NA,NA,NA,NA,NA,0.150156862745098,0.00105882352941176,NA,40.8581090909091,31.7520545454545,0.455963636363636,9.91350909090909,29.6251627906977,1.29205454545455,36,6.33333333333333,40.1454545454545,40.8581090909091,7.834,NA,31.3734909090909,0.642163636363636,1.21416363636364,1.13727272727273,1.51949090909091,1.79869090909091,0.0522363636363636,0.0326727272727273,0.0314727272727273,0.0388181818181818,2.28674545454545,0.218181818181818,NA,39.9,-76.8,11.4,102.8,16.5,71.8,1691,1691,244,-1.5,23.6,25.1
